node_id,x,y,z,is_slow_node
0,0,0,0,0
1,1,0,0,1
2,2,0,0,0
3,3,0,0,0
4,4,0,0,0
5,5,0,0,0
6,6,0,0,0
7,7,0,0,0
8,8,0,0,1
9,9,0,0,0
10,10,0,0,0
11,11,0,0,0
12,12,0,0,0
13,13,0,0,0
14,14,0,0,0
15,15,0,0,0
16,0,1,0,0
17,1,1,0,0
18,2,1,0,0
19,3,1,0,1
20,4,1,0,0
21,5,1,0,1
22,6,1,0,0
23,7,1,0,0
24,8,1,0,0
25,9,1,0,1
26,10,1,0,0
27,11,1,0,0
28,12,1,0,0
29,13,1,0,0
30,14,1,0,0
31,15,1,0,1
32,0,2,0,0
33,1,2,0,0
34,2,2,0,0
35,3,2,0,1
36,4,2,0,0
37,5,2,0,0
38,6,2,0,0
39,7,2,0,0
40,8,2,0,0
41,9,2,0,0
42,10,2,0,1
43,11,2,0,0
44,12,2,0,0
45,13,2,0,0
46,14,2,0,0
47,15,2,0,0
48,0,3,0,0
49,1,3,0,0
50,2,3,0,0
51,3,3,0,0
52,4,3,0,0
53,5,3,0,0
54,6,3,0,0
55,7,3,0,0
56,8,3,0,0
57,9,3,0,0
58,10,3,0,0
59,11,3,0,0
60,12,3,0,0
61,13,3,0,1
62,14,3,0,0
63,15,3,0,0
64,0,4,0,0
65,1,4,0,1
66,2,4,0,0
67,3,4,0,0
68,4,4,0,0
69,5,4,0,0
70,6,4,0,1
71,7,4,0,0
72,8,4,0,0
73,9,4,0,0
74,10,4,0,0
75,11,4,0,0
76,12,4,0,0
77,13,4,0,0
78,14,4,0,0
79,15,4,0,0
80,0,5,0,0
81,1,5,0,1
82,2,5,0,0
83,3,5,0,0
84,4,5,0,1
85,5,5,0,0
86,6,5,0,0
87,7,5,0,0
88,8,5,0,0
89,9,5,0,1
90,10,5,0,0
91,11,5,0,0
92,12,5,0,0
93,13,5,0,0
94,14,5,0,0
95,15,5,0,0
96,0,6,0,1
97,1,6,0,0
98,2,6,0,1
99,3,6,0,0
100,4,6,0,1
101,5,6,0,0
102,6,6,0,0
103,7,6,0,0
104,8,6,0,0
105,9,6,0,1
106,10,6,0,0
107,11,6,0,1
108,12,6,0,0
109,13,6,0,0
110,14,6,0,0
111,15,6,0,1
112,0,7,0,0
113,1,7,0,0
114,2,7,0,0
115,3,7,0,0
116,4,7,0,0
117,5,7,0,0
118,6,7,0,0
119,7,7,0,1
120,8,7,0,0
121,9,7,0,0
122,10,7,0,0
123,11,7,0,0
124,12,7,0,0
125,13,7,0,0
126,14,7,0,0
127,15,7,0,1
128,0,8,0,0
129,1,8,0,0
130,2,8,0,0
131,3,8,0,1
132,4,8,0,0
133,5,8,0,0
134,6,8,0,0
135,7,8,0,1
136,8,8,0,0
137,9,8,0,0
138,10,8,0,1
139,11,8,0,1
140,12,8,0,0
141,13,8,0,1
142,14,8,0,1
143,15,8,0,0
144,0,9,0,0
145,1,9,0,0
146,2,9,0,0
147,3,9,0,0
148,4,9,0,0
149,5,9,0,0
150,6,9,0,0
151,7,9,0,0
152,8,9,0,0
153,9,9,0,0
154,10,9,0,0
155,11,9,0,0
156,12,9,0,0
157,13,9,0,0
158,14,9,0,0
159,15,9,0,0
160,0,10,0,0
161,1,10,0,0
162,2,10,0,0
163,3,10,0,1
164,4,10,0,0
165,5,10,0,0
166,6,10,0,0
167,7,10,0,0
168,8,10,0,0
169,9,10,0,0
170,10,10,0,0
171,11,10,0,1
172,12,10,0,0
173,13,10,0,0
174,14,10,0,1
175,15,10,0,0
176,0,11,0,0
177,1,11,0,0
178,2,11,0,0
179,3,11,0,0
180,4,11,0,0
181,5,11,0,1
182,6,11,0,0
183,7,11,0,0
184,8,11,0,1
185,9,11,0,0
186,10,11,0,0
187,11,11,0,0
188,12,11,0,0
189,13,11,0,0
190,14,11,0,0
191,15,11,0,0
192,0,12,0,0
193,1,12,0,0
194,2,12,0,0
195,3,12,0,0
196,4,12,0,0
197,5,12,0,0
198,6,12,0,0
199,7,12,0,0
200,8,12,0,1
201,9,12,0,1
202,10,12,0,0
203,11,12,0,0
204,12,12,0,0
205,13,12,0,0
206,14,12,0,0
207,15,12,0,0
208,0,13,0,0
209,1,13,0,0
210,2,13,0,1
211,3,13,0,0
212,4,13,0,0
213,5,13,0,0
214,6,13,0,1
215,7,13,0,1
216,8,13,0,0
217,9,13,0,0
218,10,13,0,0
219,11,13,0,0
220,12,13,0,0
221,13,13,0,1
222,14,13,0,0
223,15,13,0,0
224,0,14,0,0
225,1,14,0,0
226,2,14,0,0
227,3,14,0,0
228,4,14,0,0
229,5,14,0,0
230,6,14,0,0
231,7,14,0,0
232,8,14,0,0
233,9,14,0,1
234,10,14,0,0
235,11,14,0,0
236,12,14,0,0
237,13,14,0,0
238,14,14,0,0
239,15,14,0,0
240,0,15,0,0
241,1,15,0,0
242,2,15,0,1
243,3,15,0,0
244,4,15,0,0
245,5,15,0,0
246,6,15,0,0
247,7,15,0,0
248,8,15,0,0
249,9,15,0,0
250,10,15,0,0
251,11,15,0,0
252,12,15,0,0
253,13,15,0,0
254,14,15,0,0
255,15,15,0,0
256,0,0,1,0
257,1,0,1,1
258,2,0,1,0
259,3,0,1,0
260,4,0,1,0
261,5,0,1,0
262,6,0,1,0
263,7,0,1,0
264,8,0,1,1
265,9,0,1,0
266,10,0,1,0
267,11,0,1,0
268,12,0,1,0
269,13,0,1,0
270,14,0,1,1
271,15,0,1,0
272,0,1,1,0
273,1,1,1,0
274,2,1,1,1
275,3,1,1,0
276,4,1,1,0
277,5,1,1,0
278,6,1,1,0
279,7,1,1,1
280,8,1,1,0
281,9,1,1,0
282,10,1,1,0
283,11,1,1,0
284,12,1,1,0
285,13,1,1,0
286,14,1,1,0
287,15,1,1,1
288,0,2,1,0
289,1,2,1,0
290,2,2,1,1
291,3,2,1,0
292,4,2,1,0
293,5,2,1,0
294,6,2,1,0
295,7,2,1,0
296,8,2,1,1
297,9,2,1,0
298,10,2,1,0
299,11,2,1,0
300,12,2,1,0
301,13,2,1,0
302,14,2,1,0
303,15,2,1,0
304,0,3,1,0
305,1,3,1,0
306,2,3,1,0
307,3,3,1,1
308,4,3,1,1
309,5,3,1,0
310,6,3,1,0
311,7,3,1,0
312,8,3,1,0
313,9,3,1,0
314,10,3,1,0
315,11,3,1,0
316,12,3,1,0
317,13,3,1,0
318,14,3,1,0
319,15,3,1,0
320,0,4,1,0
321,1,4,1,0
322,2,4,1,0
323,3,4,1,0
324,4,4,1,0
325,5,4,1,0
326,6,4,1,0
327,7,4,1,0
328,8,4,1,0
329,9,4,1,0
330,10,4,1,0
331,11,4,1,0
332,12,4,1,0
333,13,4,1,1
334,14,4,1,0
335,15,4,1,0
336,0,5,1,0
337,1,5,1,0
338,2,5,1,1
339,3,5,1,1
340,4,5,1,0
341,5,5,1,0
342,6,5,1,0
343,7,5,1,0
344,8,5,1,0
345,9,5,1,0
346,10,5,1,0
347,11,5,1,0
348,12,5,1,0
349,13,5,1,0
350,14,5,1,1
351,15,5,1,1
352,0,6,1,0
353,1,6,1,0
354,2,6,1,0
355,3,6,1,0
356,4,6,1,0
357,5,6,1,0
358,6,6,1,0
359,7,6,1,0
360,8,6,1,1
361,9,6,1,0
362,10,6,1,0
363,11,6,1,0
364,12,6,1,1
365,13,6,1,0
366,14,6,1,0
367,15,6,1,0
368,0,7,1,0
369,1,7,1,1
370,2,7,1,0
371,3,7,1,0
372,4,7,1,0
373,5,7,1,0
374,6,7,1,0
375,7,7,1,0
376,8,7,1,0
377,9,7,1,0
378,10,7,1,1
379,11,7,1,0
380,12,7,1,0
381,13,7,1,0
382,14,7,1,0
383,15,7,1,0
384,0,8,1,0
385,1,8,1,1
386,2,8,1,0
387,3,8,1,0
388,4,8,1,0
389,5,8,1,0
390,6,8,1,0
391,7,8,1,0
392,8,8,1,0
393,9,8,1,0
394,10,8,1,0
395,11,8,1,0
396,12,8,1,0
397,13,8,1,1
398,14,8,1,0
399,15,8,1,0
400,0,9,1,1
401,1,9,1,0
402,2,9,1,0
403,3,9,1,0
404,4,9,1,0
405,5,9,1,1
406,6,9,1,0
407,7,9,1,1
408,8,9,1,0
409,9,9,1,0
410,10,9,1,0
411,11,9,1,0
412,12,9,1,0
413,13,9,1,0
414,14,9,1,0
415,15,9,1,0
416,0,10,1,1
417,1,10,1,0
418,2,10,1,0
419,3,10,1,0
420,4,10,1,0
421,5,10,1,1
422,6,10,1,0
423,7,10,1,0
424,8,10,1,0
425,9,10,1,0
426,10,10,1,0
427,11,10,1,0
428,12,10,1,1
429,13,10,1,0
430,14,10,1,0
431,15,10,1,0
432,0,11,1,0
433,1,11,1,1
434,2,11,1,0
435,3,11,1,0
436,4,11,1,0
437,5,11,1,0
438,6,11,1,0
439,7,11,1,0
440,8,11,1,0
441,9,11,1,0
442,10,11,1,0
443,11,11,1,0
444,12,11,1,1
445,13,11,1,0
446,14,11,1,0
447,15,11,1,0
448,0,12,1,1
449,1,12,1,0
450,2,12,1,0
451,3,12,1,0
452,4,12,1,0
453,5,12,1,0
454,6,12,1,0
455,7,12,1,0
456,8,12,1,0
457,9,12,1,1
458,10,12,1,0
459,11,12,1,1
460,12,12,1,0
461,13,12,1,0
462,14,12,1,0
463,15,12,1,0
464,0,13,1,0
465,1,13,1,1
466,2,13,1,0
467,3,13,1,0
468,4,13,1,0
469,5,13,1,0
470,6,13,1,0
471,7,13,1,1
472,8,13,1,0
473,9,13,1,0
474,10,13,1,0
475,11,13,1,0
476,12,13,1,0
477,13,13,1,1
478,14,13,1,0
479,15,13,1,1
480,0,14,1,0
481,1,14,1,1
482,2,14,1,1
483,3,14,1,0
484,4,14,1,0
485,5,14,1,0
486,6,14,1,0
487,7,14,1,0
488,8,14,1,0
489,9,14,1,0
490,10,14,1,0
491,11,14,1,1
492,12,14,1,0
493,13,14,1,0
494,14,14,1,0
495,15,14,1,0
496,0,15,1,0
497,1,15,1,0
498,2,15,1,0
499,3,15,1,1
500,4,15,1,0
501,5,15,1,0
502,6,15,1,1
503,7,15,1,0
504,8,15,1,0
505,9,15,1,1
506,10,15,1,0
507,11,15,1,0
508,12,15,1,0
509,13,15,1,0
510,14,15,1,0
511,15,15,1,0
512,0,0,2,0
513,1,0,2,1
514,2,0,2,1
515,3,0,2,0
516,4,0,2,0
517,5,0,2,0
518,6,0,2,0
519,7,0,2,0
520,8,0,2,0
521,9,0,2,0
522,10,0,2,0
523,11,0,2,0
524,12,0,2,0
525,13,0,2,0
526,14,0,2,0
527,15,0,2,0
528,0,1,2,0
529,1,1,2,1
530,2,1,2,0
531,3,1,2,0
532,4,1,2,0
533,5,1,2,0
534,6,1,2,1
535,7,1,2,0
536,8,1,2,0
537,9,1,2,0
538,10,1,2,0
539,11,1,2,0
540,12,1,2,0
541,13,1,2,0
542,14,1,2,0
543,15,1,2,0
544,0,2,2,0
545,1,2,2,0
546,2,2,2,0
547,3,2,2,0
548,4,2,2,0
549,5,2,2,0
550,6,2,2,1
551,7,2,2,0
552,8,2,2,0
553,9,2,2,0
554,10,2,2,0
555,11,2,2,1
556,12,2,2,0
557,13,2,2,0
558,14,2,2,0
559,15,2,2,0
560,0,3,2,1
561,1,3,2,1
562,2,3,2,0
563,3,3,2,0
564,4,3,2,0
565,5,3,2,0
566,6,3,2,0
567,7,3,2,0
568,8,3,2,0
569,9,3,2,0
570,10,3,2,0
571,11,3,2,0
572,12,3,2,0
573,13,3,2,1
574,14,3,2,0
575,15,3,2,0
576,0,4,2,0
577,1,4,2,0
578,2,4,2,0
579,3,4,2,0
580,4,4,2,0
581,5,4,2,0
582,6,4,2,0
583,7,4,2,0
584,8,4,2,0
585,9,4,2,0
586,10,4,2,0
587,11,4,2,0
588,12,4,2,0
589,13,4,2,0
590,14,4,2,0
591,15,4,2,1
592,0,5,2,0
593,1,5,2,0
594,2,5,2,0
595,3,5,2,0
596,4,5,2,0
597,5,5,2,0
598,6,5,2,0
599,7,5,2,0
600,8,5,2,0
601,9,5,2,1
602,10,5,2,0
603,11,5,2,0
604,12,5,2,0
605,13,5,2,0
606,14,5,2,0
607,15,5,2,1
608,0,6,2,0
609,1,6,2,0
610,2,6,2,0
611,3,6,2,1
612,4,6,2,0
613,5,6,2,0
614,6,6,2,0
615,7,6,2,1
616,8,6,2,1
617,9,6,2,0
618,10,6,2,1
619,11,6,2,0
620,12,6,2,0
621,13,6,2,1
622,14,6,2,0
623,15,6,2,0
624,0,7,2,0
625,1,7,2,1
626,2,7,2,0
627,3,7,2,0
628,4,7,2,0
629,5,7,2,0
630,6,7,2,0
631,7,7,2,0
632,8,7,2,0
633,9,7,2,0
634,10,7,2,0
635,11,7,2,0
636,12,7,2,0
637,13,7,2,0
638,14,7,2,1
639,15,7,2,0
640,0,8,2,0
641,1,8,2,0
642,2,8,2,0
643,3,8,2,0
644,4,8,2,0
645,5,8,2,0
646,6,8,2,0
647,7,8,2,0
648,8,8,2,0
649,9,8,2,0
650,10,8,2,0
651,11,8,2,0
652,12,8,2,0
653,13,8,2,0
654,14,8,2,0
655,15,8,2,0
656,0,9,2,0
657,1,9,2,0
658,2,9,2,0
659,3,9,2,1
660,4,9,2,0
661,5,9,2,0
662,6,9,2,0
663,7,9,2,0
664,8,9,2,0
665,9,9,2,1
666,10,9,2,1
667,11,9,2,0
668,12,9,2,0
669,13,9,2,0
670,14,9,2,0
671,15,9,2,0
672,0,10,2,0
673,1,10,2,0
674,2,10,2,0
675,3,10,2,0
676,4,10,2,0
677,5,10,2,0
678,6,10,2,1
679,7,10,2,0
680,8,10,2,0
681,9,10,2,1
682,10,10,2,0
683,11,10,2,1
684,12,10,2,0
685,13,10,2,0
686,14,10,2,0
687,15,10,2,0
688,0,11,2,0
689,1,11,2,1
690,2,11,2,0
691,3,11,2,0
692,4,11,2,0
693,5,11,2,0
694,6,11,2,0
695,7,11,2,0
696,8,11,2,0
697,9,11,2,0
698,10,11,2,0
699,11,11,2,0
700,12,11,2,0
701,13,11,2,0
702,14,11,2,0
703,15,11,2,1
704,0,12,2,0
705,1,12,2,0
706,2,12,2,0
707,3,12,2,0
708,4,12,2,0
709,5,12,2,0
710,6,12,2,0
711,7,12,2,0
712,8,12,2,0
713,9,12,2,0
714,10,12,2,0
715,11,12,2,0
716,12,12,2,0
717,13,12,2,0
718,14,12,2,0
719,15,12,2,0
720,0,13,2,0
721,1,13,2,0
722,2,13,2,0
723,3,13,2,1
724,4,13,2,0
725,5,13,2,0
726,6,13,2,0
727,7,13,2,0
728,8,13,2,0
729,9,13,2,0
730,10,13,2,0
731,11,13,2,0
732,12,13,2,0
733,13,13,2,0
734,14,13,2,0
735,15,13,2,0
736,0,14,2,0
737,1,14,2,0
738,2,14,2,0
739,3,14,2,0
740,4,14,2,0
741,5,14,2,0
742,6,14,2,0
743,7,14,2,0
744,8,14,2,0
745,9,14,2,0
746,10,14,2,0
747,11,14,2,0
748,12,14,2,0
749,13,14,2,0
750,14,14,2,0
751,15,14,2,0
752,0,15,2,0
753,1,15,2,1
754,2,15,2,0
755,3,15,2,1
756,4,15,2,0
757,5,15,2,0
758,6,15,2,0
759,7,15,2,0
760,8,15,2,0
761,9,15,2,0
762,10,15,2,0
763,11,15,2,0
764,12,15,2,0
765,13,15,2,0
766,14,15,2,0
767,15,15,2,0
768,0,0,3,0
769,1,0,3,0
770,2,0,3,0
771,3,0,3,1
772,4,0,3,0
773,5,0,3,0
774,6,0,3,0
775,7,0,3,0
776,8,0,3,0
777,9,0,3,0
778,10,0,3,0
779,11,0,3,0
780,12,0,3,0
781,13,0,3,0
782,14,0,3,0
783,15,0,3,0
784,0,1,3,0
785,1,1,3,0
786,2,1,3,1
787,3,1,3,0
788,4,1,3,0
789,5,1,3,0
790,6,1,3,0
791,7,1,3,0
792,8,1,3,0
793,9,1,3,0
794,10,1,3,0
795,11,1,3,0
796,12,1,3,0
797,13,1,3,0
798,14,1,3,1
799,15,1,3,0
800,0,2,3,0
801,1,2,3,0
802,2,2,3,0
803,3,2,3,0
804,4,2,3,0
805,5,2,3,0
806,6,2,3,0
807,7,2,3,0
808,8,2,3,0
809,9,2,3,0
810,10,2,3,0
811,11,2,3,1
812,12,2,3,0
813,13,2,3,0
814,14,2,3,0
815,15,2,3,0
816,0,3,3,0
817,1,3,3,0
818,2,3,3,0
819,3,3,3,0
820,4,3,3,0
821,5,3,3,0
822,6,3,3,0
823,7,3,3,0
824,8,3,3,0
825,9,3,3,0
826,10,3,3,1
827,11,3,3,0
828,12,3,3,0
829,13,3,3,0
830,14,3,3,0
831,15,3,3,0
832,0,4,3,0
833,1,4,3,0
834,2,4,3,0
835,3,4,3,0
836,4,4,3,0
837,5,4,3,0
838,6,4,3,0
839,7,4,3,1
840,8,4,3,0
841,9,4,3,0
842,10,4,3,0
843,11,4,3,0
844,12,4,3,1
845,13,4,3,0
846,14,4,3,0
847,15,4,3,0
848,0,5,3,0
849,1,5,3,0
850,2,5,3,1
851,3,5,3,0
852,4,5,3,0
853,5,5,3,1
854,6,5,3,0
855,7,5,3,0
856,8,5,3,0
857,9,5,3,0
858,10,5,3,0
859,11,5,3,0
860,12,5,3,0
861,13,5,3,1
862,14,5,3,0
863,15,5,3,0
864,0,6,3,1
865,1,6,3,0
866,2,6,3,0
867,3,6,3,1
868,4,6,3,0
869,5,6,3,0
870,6,6,3,0
871,7,6,3,0
872,8,6,3,0
873,9,6,3,0
874,10,6,3,0
875,11,6,3,0
876,12,6,3,0
877,13,6,3,0
878,14,6,3,0
879,15,6,3,0
880,0,7,3,0
881,1,7,3,0
882,2,7,3,0
883,3,7,3,0
884,4,7,3,0
885,5,7,3,0
886,6,7,3,0
887,7,7,3,0
888,8,7,3,1
889,9,7,3,0
890,10,7,3,0
891,11,7,3,1
892,12,7,3,0
893,13,7,3,1
894,14,7,3,0
895,15,7,3,0
896,0,8,3,0
897,1,8,3,0
898,2,8,3,0
899,3,8,3,0
900,4,8,3,0
901,5,8,3,0
902,6,8,3,0
903,7,8,3,0
904,8,8,3,0
905,9,8,3,0
906,10,8,3,0
907,11,8,3,1
908,12,8,3,1
909,13,8,3,0
910,14,8,3,0
911,15,8,3,1
912,0,9,3,1
913,1,9,3,0
914,2,9,3,0
915,3,9,3,0
916,4,9,3,0
917,5,9,3,0
918,6,9,3,0
919,7,9,3,0
920,8,9,3,0
921,9,9,3,0
922,10,9,3,0
923,11,9,3,1
924,12,9,3,1
925,13,9,3,0
926,14,9,3,1
927,15,9,3,0
928,0,10,3,0
929,1,10,3,0
930,2,10,3,0
931,3,10,3,1
932,4,10,3,0
933,5,10,3,0
934,6,10,3,0
935,7,10,3,0
936,8,10,3,0
937,9,10,3,0
938,10,10,3,1
939,11,10,3,0
940,12,10,3,0
941,13,10,3,0
942,14,10,3,0
943,15,10,3,0
944,0,11,3,1
945,1,11,3,0
946,2,11,3,0
947,3,11,3,1
948,4,11,3,1
949,5,11,3,0
950,6,11,3,0
951,7,11,3,0
952,8,11,3,0
953,9,11,3,0
954,10,11,3,0
955,11,11,3,0
956,12,11,3,0
957,13,11,3,0
958,14,11,3,0
959,15,11,3,0
960,0,12,3,0
961,1,12,3,0
962,2,12,3,0
963,3,12,3,1
964,4,12,3,0
965,5,12,3,1
966,6,12,3,0
967,7,12,3,0
968,8,12,3,1
969,9,12,3,0
970,10,12,3,0
971,11,12,3,0
972,12,12,3,0
973,13,12,3,0
974,14,12,3,0
975,15,12,3,1
976,0,13,3,1
977,1,13,3,0
978,2,13,3,0
979,3,13,3,0
980,4,13,3,0
981,5,13,3,0
982,6,13,3,1
983,7,13,3,0
984,8,13,3,0
985,9,13,3,0
986,10,13,3,0
987,11,13,3,0
988,12,13,3,1
989,13,13,3,0
990,14,13,3,0
991,15,13,3,0
992,0,14,3,0
993,1,14,3,0
994,2,14,3,0
995,3,14,3,0
996,4,14,3,0
997,5,14,3,0
998,6,14,3,0
999,7,14,3,0
1000,8,14,3,0
1001,9,14,3,0
1002,10,14,3,0
1003,11,14,3,0
1004,12,14,3,1
1005,13,14,3,0
1006,14,14,3,0
1007,15,14,3,0
1008,0,15,3,1
1009,1,15,3,0
1010,2,15,3,0
1011,3,15,3,0
1012,4,15,3,0
1013,5,15,3,1
1014,6,15,3,0
1015,7,15,3,0
1016,8,15,3,0
1017,9,15,3,0
1018,10,15,3,0
1019,11,15,3,0
1020,12,15,3,1
1021,13,15,3,0
1022,14,15,3,0
1023,15,15,3,0
1024,0,0,4,0
1025,1,0,4,0
1026,2,0,4,0
1027,3,0,4,0
1028,4,0,4,0
1029,5,0,4,0
1030,6,0,4,0
1031,7,0,4,0
1032,8,0,4,0
1033,9,0,4,1
1034,10,0,4,0
1035,11,0,4,0
1036,12,0,4,0
1037,13,0,4,0
1038,14,0,4,1
1039,15,0,4,0
1040,0,1,4,0
1041,1,1,4,0
1042,2,1,4,0
1043,3,1,4,0
1044,4,1,4,0
1045,5,1,4,0
1046,6,1,4,0
1047,7,1,4,0
1048,8,1,4,0
1049,9,1,4,1
1050,10,1,4,0
1051,11,1,4,0
1052,12,1,4,0
1053,13,1,4,0
1054,14,1,4,0
1055,15,1,4,1
1056,0,2,4,1
1057,1,2,4,0
1058,2,2,4,0
1059,3,2,4,0
1060,4,2,4,0
1061,5,2,4,1
1062,6,2,4,0
1063,7,2,4,1
1064,8,2,4,0
1065,9,2,4,1
1066,10,2,4,0
1067,11,2,4,0
1068,12,2,4,0
1069,13,2,4,1
1070,14,2,4,0
1071,15,2,4,0
1072,0,3,4,0
1073,1,3,4,0
1074,2,3,4,0
1075,3,3,4,0
1076,4,3,4,0
1077,5,3,4,0
1078,6,3,4,0
1079,7,3,4,0
1080,8,3,4,1
1081,9,3,4,0
1082,10,3,4,0
1083,11,3,4,0
1084,12,3,4,0
1085,13,3,4,0
1086,14,3,4,0
1087,15,3,4,0
1088,0,4,4,1
1089,1,4,4,0
1090,2,4,4,0
1091,3,4,4,0
1092,4,4,4,0
1093,5,4,4,0
1094,6,4,4,0
1095,7,4,4,0
1096,8,4,4,0
1097,9,4,4,1
1098,10,4,4,0
1099,11,4,4,0
1100,12,4,4,0
1101,13,4,4,0
1102,14,4,4,0
1103,15,4,4,0
1104,0,5,4,0
1105,1,5,4,0
1106,2,5,4,0
1107,3,5,4,0
1108,4,5,4,0
1109,5,5,4,0
1110,6,5,4,0
1111,7,5,4,0
1112,8,5,4,0
1113,9,5,4,0
1114,10,5,4,0
1115,11,5,4,0
1116,12,5,4,0
1117,13,5,4,0
1118,14,5,4,1
1119,15,5,4,0
1120,0,6,4,0
1121,1,6,4,0
1122,2,6,4,0
1123,3,6,4,1
1124,4,6,4,0
1125,5,6,4,0
1126,6,6,4,0
1127,7,6,4,0
1128,8,6,4,1
1129,9,6,4,0
1130,10,6,4,0
1131,11,6,4,0
1132,12,6,4,1
1133,13,6,4,1
1134,14,6,4,1
1135,15,6,4,0
1136,0,7,4,0
1137,1,7,4,0
1138,2,7,4,0
1139,3,7,4,0
1140,4,7,4,0
1141,5,7,4,0
1142,6,7,4,1
1143,7,7,4,0
1144,8,7,4,0
1145,9,7,4,0
1146,10,7,4,0
1147,11,7,4,0
1148,12,7,4,0
1149,13,7,4,0
1150,14,7,4,0
1151,15,7,4,0
1152,0,8,4,0
1153,1,8,4,1
1154,2,8,4,0
1155,3,8,4,0
1156,4,8,4,0
1157,5,8,4,0
1158,6,8,4,0
1159,7,8,4,0
1160,8,8,4,0
1161,9,8,4,1
1162,10,8,4,0
1163,11,8,4,0
1164,12,8,4,0
1165,13,8,4,0
1166,14,8,4,1
1167,15,8,4,1
1168,0,9,4,0
1169,1,9,4,0
1170,2,9,4,0
1171,3,9,4,0
1172,4,9,4,0
1173,5,9,4,1
1174,6,9,4,1
1175,7,9,4,0
1176,8,9,4,0
1177,9,9,4,0
1178,10,9,4,0
1179,11,9,4,0
1180,12,9,4,0
1181,13,9,4,0
1182,14,9,4,0
1183,15,9,4,0
1184,0,10,4,1
1185,1,10,4,0
1186,2,10,4,0
1187,3,10,4,0
1188,4,10,4,0
1189,5,10,4,0
1190,6,10,4,0
1191,7,10,4,0
1192,8,10,4,0
1193,9,10,4,0
1194,10,10,4,0
1195,11,10,4,0
1196,12,10,4,0
1197,13,10,4,1
1198,14,10,4,0
1199,15,10,4,0
1200,0,11,4,0
1201,1,11,4,0
1202,2,11,4,0
1203,3,11,4,0
1204,4,11,4,1
1205,5,11,4,1
1206,6,11,4,0
1207,7,11,4,0
1208,8,11,4,0
1209,9,11,4,0
1210,10,11,4,1
1211,11,11,4,0
1212,12,11,4,0
1213,13,11,4,0
1214,14,11,4,1
1215,15,11,4,1
1216,0,12,4,0
1217,1,12,4,0
1218,2,12,4,0
1219,3,12,4,0
1220,4,12,4,0
1221,5,12,4,0
1222,6,12,4,1
1223,7,12,4,1
1224,8,12,4,0
1225,9,12,4,1
1226,10,12,4,0
1227,11,12,4,0
1228,12,12,4,0
1229,13,12,4,1
1230,14,12,4,0
1231,15,12,4,0
1232,0,13,4,0
1233,1,13,4,0
1234,2,13,4,0
1235,3,13,4,0
1236,4,13,4,0
1237,5,13,4,1
1238,6,13,4,0
1239,7,13,4,0
1240,8,13,4,0
1241,9,13,4,0
1242,10,13,4,1
1243,11,13,4,0
1244,12,13,4,0
1245,13,13,4,1
1246,14,13,4,0
1247,15,13,4,0
1248,0,14,4,0
1249,1,14,4,0
1250,2,14,4,0
1251,3,14,4,0
1252,4,14,4,1
1253,5,14,4,1
1254,6,14,4,0
1255,7,14,4,0
1256,8,14,4,0
1257,9,14,4,0
1258,10,14,4,0
1259,11,14,4,0
1260,12,14,4,0
1261,13,14,4,0
1262,14,14,4,0
1263,15,14,4,0
1264,0,15,4,0
1265,1,15,4,0
1266,2,15,4,0
1267,3,15,4,1
1268,4,15,4,0
1269,5,15,4,0
1270,6,15,4,0
1271,7,15,4,1
1272,8,15,4,0
1273,9,15,4,1
1274,10,15,4,0
1275,11,15,4,1
1276,12,15,4,0
1277,13,15,4,1
1278,14,15,4,0
1279,15,15,4,0
1280,0,0,5,0
1281,1,0,5,0
1282,2,0,5,0
1283,3,0,5,0
1284,4,0,5,0
1285,5,0,5,0
1286,6,0,5,0
1287,7,0,5,0
1288,8,0,5,0
1289,9,0,5,0
1290,10,0,5,0
1291,11,0,5,0
1292,12,0,5,0
1293,13,0,5,0
1294,14,0,5,0
1295,15,0,5,1
1296,0,1,5,0
1297,1,1,5,0
1298,2,1,5,0
1299,3,1,5,0
1300,4,1,5,0
1301,5,1,5,1
1302,6,1,5,0
1303,7,1,5,0
1304,8,1,5,1
1305,9,1,5,0
1306,10,1,5,0
1307,11,1,5,0
1308,12,1,5,0
1309,13,1,5,1
1310,14,1,5,0
1311,15,1,5,0
1312,0,2,5,0
1313,1,2,5,0
1314,2,2,5,0
1315,3,2,5,0
1316,4,2,5,0
1317,5,2,5,0
1318,6,2,5,0
1319,7,2,5,0
1320,8,2,5,1
1321,9,2,5,0
1322,10,2,5,0
1323,11,2,5,0
1324,12,2,5,0
1325,13,2,5,0
1326,14,2,5,0
1327,15,2,5,1
1328,0,3,5,0
1329,1,3,5,0
1330,2,3,5,0
1331,3,3,5,1
1332,4,3,5,0
1333,5,3,5,0
1334,6,3,5,0
1335,7,3,5,0
1336,8,3,5,1
1337,9,3,5,0
1338,10,3,5,0
1339,11,3,5,0
1340,12,3,5,0
1341,13,3,5,0
1342,14,3,5,0
1343,15,3,5,1
1344,0,4,5,0
1345,1,4,5,0
1346,2,4,5,0
1347,3,4,5,0
1348,4,4,5,0
1349,5,4,5,0
1350,6,4,5,1
1351,7,4,5,1
1352,8,4,5,0
1353,9,4,5,0
1354,10,4,5,0
1355,11,4,5,0
1356,12,4,5,0
1357,13,4,5,0
1358,14,4,5,0
1359,15,4,5,1
1360,0,5,5,0
1361,1,5,5,0
1362,2,5,5,0
1363,3,5,5,0
1364,4,5,5,0
1365,5,5,5,0
1366,6,5,5,1
1367,7,5,5,0
1368,8,5,5,0
1369,9,5,5,0
1370,10,5,5,0
1371,11,5,5,0
1372,12,5,5,0
1373,13,5,5,1
1374,14,5,5,0
1375,15,5,5,0
1376,0,6,5,0
1377,1,6,5,0
1378,2,6,5,0
1379,3,6,5,0
1380,4,6,5,0
1381,5,6,5,0
1382,6,6,5,1
1383,7,6,5,0
1384,8,6,5,0
1385,9,6,5,0
1386,10,6,5,0
1387,11,6,5,1
1388,12,6,5,0
1389,13,6,5,0
1390,14,6,5,0
1391,15,6,5,0
1392,0,7,5,0
1393,1,7,5,0
1394,2,7,5,0
1395,3,7,5,1
1396,4,7,5,1
1397,5,7,5,0
1398,6,7,5,0
1399,7,7,5,0
1400,8,7,5,0
1401,9,7,5,0
1402,10,7,5,0
1403,11,7,5,0
1404,12,7,5,0
1405,13,7,5,0
1406,14,7,5,0
1407,15,7,5,0
1408,0,8,5,0
1409,1,8,5,1
1410,2,8,5,0
1411,3,8,5,0
1412,4,8,5,0
1413,5,8,5,1
1414,6,8,5,0
1415,7,8,5,1
1416,8,8,5,0
1417,9,8,5,0
1418,10,8,5,0
1419,11,8,5,0
1420,12,8,5,0
1421,13,8,5,1
1422,14,8,5,0
1423,15,8,5,1
1424,0,9,5,0
1425,1,9,5,0
1426,2,9,5,0
1427,3,9,5,0
1428,4,9,5,0
1429,5,9,5,0
1430,6,9,5,0
1431,7,9,5,0
1432,8,9,5,0
1433,9,9,5,0
1434,10,9,5,0
1435,11,9,5,0
1436,12,9,5,0
1437,13,9,5,1
1438,14,9,5,1
1439,15,9,5,0
1440,0,10,5,1
1441,1,10,5,0
1442,2,10,5,0
1443,3,10,5,0
1444,4,10,5,0
1445,5,10,5,0
1446,6,10,5,0
1447,7,10,5,1
1448,8,10,5,0
1449,9,10,5,0
1450,10,10,5,0
1451,11,10,5,0
1452,12,10,5,0
1453,13,10,5,0
1454,14,10,5,0
1455,15,10,5,0
1456,0,11,5,0
1457,1,11,5,0
1458,2,11,5,0
1459,3,11,5,0
1460,4,11,5,0
1461,5,11,5,0
1462,6,11,5,0
1463,7,11,5,0
1464,8,11,5,0
1465,9,11,5,0
1466,10,11,5,0
1467,11,11,5,0
1468,12,11,5,0
1469,13,11,5,0
1470,14,11,5,0
1471,15,11,5,0
1472,0,12,5,0
1473,1,12,5,0
1474,2,12,5,0
1475,3,12,5,0
1476,4,12,5,0
1477,5,12,5,0
1478,6,12,5,1
1479,7,12,5,0
1480,8,12,5,1
1481,9,12,5,0
1482,10,12,5,0
1483,11,12,5,0
1484,12,12,5,1
1485,13,12,5,0
1486,14,12,5,0
1487,15,12,5,1
1488,0,13,5,0
1489,1,13,5,0
1490,2,13,5,0
1491,3,13,5,0
1492,4,13,5,0
1493,5,13,5,0
1494,6,13,5,0
1495,7,13,5,0
1496,8,13,5,0
1497,9,13,5,0
1498,10,13,5,0
1499,11,13,5,0
1500,12,13,5,0
1501,13,13,5,0
1502,14,13,5,1
1503,15,13,5,0
1504,0,14,5,0
1505,1,14,5,1
1506,2,14,5,0
1507,3,14,5,0
1508,4,14,5,0
1509,5,14,5,0
1510,6,14,5,0
1511,7,14,5,0
1512,8,14,5,0
1513,9,14,5,0
1514,10,14,5,0
1515,11,14,5,1
1516,12,14,5,0
1517,13,14,5,1
1518,14,14,5,0
1519,15,14,5,0
1520,0,15,5,0
1521,1,15,5,0
1522,2,15,5,0
1523,3,15,5,0
1524,4,15,5,0
1525,5,15,5,0
1526,6,15,5,0
1527,7,15,5,0
1528,8,15,5,0
1529,9,15,5,0
1530,10,15,5,0
1531,11,15,5,0
1532,12,15,5,0
1533,13,15,5,0
1534,14,15,5,0
1535,15,15,5,0
1536,0,0,6,0
1537,1,0,6,0
1538,2,0,6,0
1539,3,0,6,0
1540,4,0,6,0
1541,5,0,6,0
1542,6,0,6,0
1543,7,0,6,0
1544,8,0,6,0
1545,9,0,6,0
1546,10,0,6,0
1547,11,0,6,0
1548,12,0,6,0
1549,13,0,6,1
1550,14,0,6,0
1551,15,0,6,0
1552,0,1,6,0
1553,1,1,6,1
1554,2,1,6,0
1555,3,1,6,0
1556,4,1,6,0
1557,5,1,6,0
1558,6,1,6,0
1559,7,1,6,0
1560,8,1,6,1
1561,9,1,6,1
1562,10,1,6,0
1563,11,1,6,0
1564,12,1,6,0
1565,13,1,6,0
1566,14,1,6,0
1567,15,1,6,0
1568,0,2,6,0
1569,1,2,6,0
1570,2,2,6,0
1571,3,2,6,0
1572,4,2,6,0
1573,5,2,6,0
1574,6,2,6,1
1575,7,2,6,1
1576,8,2,6,0
1577,9,2,6,0
1578,10,2,6,0
1579,11,2,6,0
1580,12,2,6,0
1581,13,2,6,0
1582,14,2,6,1
1583,15,2,6,0
1584,0,3,6,1
1585,1,3,6,0
1586,2,3,6,0
1587,3,3,6,1
1588,4,3,6,0
1589,5,3,6,0
1590,6,3,6,0
1591,7,3,6,0
1592,8,3,6,1
1593,9,3,6,0
1594,10,3,6,0
1595,11,3,6,0
1596,12,3,6,0
1597,13,3,6,1
1598,14,3,6,1
1599,15,3,6,0
1600,0,4,6,1
1601,1,4,6,0
1602,2,4,6,0
1603,3,4,6,0
1604,4,4,6,0
1605,5,4,6,1
1606,6,4,6,0
1607,7,4,6,0
1608,8,4,6,0
1609,9,4,6,0
1610,10,4,6,0
1611,11,4,6,0
1612,12,4,6,0
1613,13,4,6,0
1614,14,4,6,0
1615,15,4,6,1
1616,0,5,6,0
1617,1,5,6,0
1618,2,5,6,1
1619,3,5,6,0
1620,4,5,6,1
1621,5,5,6,1
1622,6,5,6,0
1623,7,5,6,0
1624,8,5,6,0
1625,9,5,6,0
1626,10,5,6,0
1627,11,5,6,0
1628,12,5,6,1
1629,13,5,6,0
1630,14,5,6,0
1631,15,5,6,0
1632,0,6,6,0
1633,1,6,6,0
1634,2,6,6,0
1635,3,6,6,0
1636,4,6,6,0
1637,5,6,6,1
1638,6,6,6,0
1639,7,6,6,0
1640,8,6,6,1
1641,9,6,6,1
1642,10,6,6,0
1643,11,6,6,0
1644,12,6,6,0
1645,13,6,6,0
1646,14,6,6,0
1647,15,6,6,1
1648,0,7,6,0
1649,1,7,6,0
1650,2,7,6,1
1651,3,7,6,0
1652,4,7,6,1
1653,5,7,6,0
1654,6,7,6,0
1655,7,7,6,0
1656,8,7,6,1
1657,9,7,6,0
1658,10,7,6,0
1659,11,7,6,0
1660,12,7,6,0
1661,13,7,6,0
1662,14,7,6,0
1663,15,7,6,0
1664,0,8,6,0
1665,1,8,6,0
1666,2,8,6,0
1667,3,8,6,0
1668,4,8,6,0
1669,5,8,6,0
1670,6,8,6,0
1671,7,8,6,0
1672,8,8,6,0
1673,9,8,6,1
1674,10,8,6,0
1675,11,8,6,0
1676,12,8,6,0
1677,13,8,6,0
1678,14,8,6,0
1679,15,8,6,0
1680,0,9,6,0
1681,1,9,6,0
1682,2,9,6,0
1683,3,9,6,1
1684,4,9,6,0
1685,5,9,6,0
1686,6,9,6,0
1687,7,9,6,0
1688,8,9,6,0
1689,9,9,6,0
1690,10,9,6,0
1691,11,9,6,0
1692,12,9,6,0
1693,13,9,6,0
1694,14,9,6,0
1695,15,9,6,1
1696,0,10,6,0
1697,1,10,6,0
1698,2,10,6,0
1699,3,10,6,0
1700,4,10,6,0
1701,5,10,6,0
1702,6,10,6,0
1703,7,10,6,0
1704,8,10,6,0
1705,9,10,6,0
1706,10,10,6,0
1707,11,10,6,1
1708,12,10,6,0
1709,13,10,6,0
1710,14,10,6,0
1711,15,10,6,0
1712,0,11,6,0
1713,1,11,6,0
1714,2,11,6,0
1715,3,11,6,0
1716,4,11,6,0
1717,5,11,6,1
1718,6,11,6,0
1719,7,11,6,1
1720,8,11,6,0
1721,9,11,6,0
1722,10,11,6,0
1723,11,11,6,1
1724,12,11,6,0
1725,13,11,6,0
1726,14,11,6,0
1727,15,11,6,0
1728,0,12,6,0
1729,1,12,6,0
1730,2,12,6,1
1731,3,12,6,0
1732,4,12,6,1
1733,5,12,6,0
1734,6,12,6,0
1735,7,12,6,0
1736,8,12,6,0
1737,9,12,6,0
1738,10,12,6,0
1739,11,12,6,0
1740,12,12,6,0
1741,13,12,6,0
1742,14,12,6,0
1743,15,12,6,1
1744,0,13,6,0
1745,1,13,6,1
1746,2,13,6,0
1747,3,13,6,0
1748,4,13,6,0
1749,5,13,6,1
1750,6,13,6,0
1751,7,13,6,0
1752,8,13,6,1
1753,9,13,6,0
1754,10,13,6,0
1755,11,13,6,0
1756,12,13,6,0
1757,13,13,6,0
1758,14,13,6,0
1759,15,13,6,0
1760,0,14,6,0
1761,1,14,6,1
1762,2,14,6,0
1763,3,14,6,0
1764,4,14,6,1
1765,5,14,6,0
1766,6,14,6,0
1767,7,14,6,0
1768,8,14,6,0
1769,9,14,6,0
1770,10,14,6,0
1771,11,14,6,1
1772,12,14,6,0
1773,13,14,6,0
1774,14,14,6,0
1775,15,14,6,0
1776,0,15,6,1
1777,1,15,6,0
1778,2,15,6,0
1779,3,15,6,0
1780,4,15,6,0
1781,5,15,6,0
1782,6,15,6,0
1783,7,15,6,0
1784,8,15,6,0
1785,9,15,6,0
1786,10,15,6,0
1787,11,15,6,0
1788,12,15,6,0
1789,13,15,6,0
1790,14,15,6,0
1791,15,15,6,0
1792,0,0,7,0
1793,1,0,7,0
1794,2,0,7,1
1795,3,0,7,0
1796,4,0,7,1
1797,5,0,7,0
1798,6,0,7,0
1799,7,0,7,0
1800,8,0,7,1
1801,9,0,7,0
1802,10,0,7,0
1803,11,0,7,0
1804,12,0,7,0
1805,13,0,7,0
1806,14,0,7,0
1807,15,0,7,0
1808,0,1,7,0
1809,1,1,7,0
1810,2,1,7,0
1811,3,1,7,0
1812,4,1,7,0
1813,5,1,7,0
1814,6,1,7,0
1815,7,1,7,0
1816,8,1,7,0
1817,9,1,7,0
1818,10,1,7,0
1819,11,1,7,0
1820,12,1,7,0
1821,13,1,7,0
1822,14,1,7,0
1823,15,1,7,1
1824,0,2,7,1
1825,1,2,7,0
1826,2,2,7,0
1827,3,2,7,0
1828,4,2,7,0
1829,5,2,7,0
1830,6,2,7,0
1831,7,2,7,0
1832,8,2,7,1
1833,9,2,7,0
1834,10,2,7,0
1835,11,2,7,0
1836,12,2,7,0
1837,13,2,7,0
1838,14,2,7,0
1839,15,2,7,0
1840,0,3,7,1
1841,1,3,7,1
1842,2,3,7,0
1843,3,3,7,0
1844,4,3,7,0
1845,5,3,7,1
1846,6,3,7,0
1847,7,3,7,0
1848,8,3,7,0
1849,9,3,7,0
1850,10,3,7,0
1851,11,3,7,0
1852,12,3,7,0
1853,13,3,7,1
1854,14,3,7,0
1855,15,3,7,0
1856,0,4,7,0
1857,1,4,7,0
1858,2,4,7,0
1859,3,4,7,0
1860,4,4,7,0
1861,5,4,7,0
1862,6,4,7,1
1863,7,4,7,0
1864,8,4,7,0
1865,9,4,7,1
1866,10,4,7,0
1867,11,4,7,0
1868,12,4,7,1
1869,13,4,7,0
1870,14,4,7,1
1871,15,4,7,0
1872,0,5,7,0
1873,1,5,7,0
1874,2,5,7,0
1875,3,5,7,0
1876,4,5,7,0
1877,5,5,7,0
1878,6,5,7,0
1879,7,5,7,0
1880,8,5,7,0
1881,9,5,7,1
1882,10,5,7,1
1883,11,5,7,0
1884,12,5,7,0
1885,13,5,7,0
1886,14,5,7,1
1887,15,5,7,0
1888,0,6,7,0
1889,1,6,7,0
1890,2,6,7,0
1891,3,6,7,0
1892,4,6,7,0
1893,5,6,7,0
1894,6,6,7,0
1895,7,6,7,0
1896,8,6,7,0
1897,9,6,7,0
1898,10,6,7,0
1899,11,6,7,0
1900,12,6,7,1
1901,13,6,7,0
1902,14,6,7,0
1903,15,6,7,0
1904,0,7,7,0
1905,1,7,7,1
1906,2,7,7,0
1907,3,7,7,1
1908,4,7,7,0
1909,5,7,7,0
1910,6,7,7,0
1911,7,7,7,0
1912,8,7,7,0
1913,9,7,7,1
1914,10,7,7,0
1915,11,7,7,0
1916,12,7,7,1
1917,13,7,7,0
1918,14,7,7,1
1919,15,7,7,0
1920,0,8,7,0
1921,1,8,7,0
1922,2,8,7,0
1923,3,8,7,0
1924,4,8,7,0
1925,5,8,7,0
1926,6,8,7,0
1927,7,8,7,0
1928,8,8,7,0
1929,9,8,7,0
1930,10,8,7,0
1931,11,8,7,0
1932,12,8,7,0
1933,13,8,7,0
1934,14,8,7,1
1935,15,8,7,0
1936,0,9,7,0
1937,1,9,7,0
1938,2,9,7,0
1939,3,9,7,0
1940,4,9,7,0
1941,5,9,7,0
1942,6,9,7,0
1943,7,9,7,0
1944,8,9,7,1
1945,9,9,7,0
1946,10,9,7,0
1947,11,9,7,0
1948,12,9,7,0
1949,13,9,7,0
1950,14,9,7,0
1951,15,9,7,0
1952,0,10,7,0
1953,1,10,7,0
1954,2,10,7,0
1955,3,10,7,1
1956,4,10,7,0
1957,5,10,7,1
1958,6,10,7,0
1959,7,10,7,1
1960,8,10,7,0
1961,9,10,7,0
1962,10,10,7,0
1963,11,10,7,0
1964,12,10,7,0
1965,13,10,7,0
1966,14,10,7,0
1967,15,10,7,0
1968,0,11,7,0
1969,1,11,7,0
1970,2,11,7,1
1971,3,11,7,1
1972,4,11,7,1
1973,5,11,7,0
1974,6,11,7,1
1975,7,11,7,0
1976,8,11,7,0
1977,9,11,7,1
1978,10,11,7,0
1979,11,11,7,0
1980,12,11,7,0
1981,13,11,7,0
1982,14,11,7,1
1983,15,11,7,0
1984,0,12,7,0
1985,1,12,7,0
1986,2,12,7,0
1987,3,12,7,1
1988,4,12,7,0
1989,5,12,7,0
1990,6,12,7,0
1991,7,12,7,0
1992,8,12,7,0
1993,9,12,7,0
1994,10,12,7,0
1995,11,12,7,0
1996,12,12,7,0
1997,13,12,7,0
1998,14,12,7,0
1999,15,12,7,0
2000,0,13,7,0
2001,1,13,7,0
2002,2,13,7,1
2003,3,13,7,0
2004,4,13,7,0
2005,5,13,7,0
2006,6,13,7,0
2007,7,13,7,0
2008,8,13,7,0
2009,9,13,7,0
2010,10,13,7,0
2011,11,13,7,0
2012,12,13,7,0
2013,13,13,7,0
2014,14,13,7,0
2015,15,13,7,0
2016,0,14,7,0
2017,1,14,7,0
2018,2,14,7,0
2019,3,14,7,0
2020,4,14,7,0
2021,5,14,7,1
2022,6,14,7,0
2023,7,14,7,0
2024,8,14,7,1
2025,9,14,7,0
2026,10,14,7,0
2027,11,14,7,1
2028,12,14,7,0
2029,13,14,7,0
2030,14,14,7,0
2031,15,14,7,0
2032,0,15,7,0
2033,1,15,7,0
2034,2,15,7,0
2035,3,15,7,0
2036,4,15,7,0
2037,5,15,7,0
2038,6,15,7,0
2039,7,15,7,0
2040,8,15,7,0
2041,9,15,7,0
2042,10,15,7,0
2043,11,15,7,0
2044,12,15,7,1
2045,13,15,7,0
2046,14,15,7,0
2047,15,15,7,1
2048,0,0,8,0
2049,1,0,8,0
2050,2,0,8,0
2051,3,0,8,0
2052,4,0,8,1
2053,5,0,8,0
2054,6,0,8,0
2055,7,0,8,1
2056,8,0,8,0
2057,9,0,8,1
2058,10,0,8,0
2059,11,0,8,0
2060,12,0,8,0
2061,13,0,8,0
2062,14,0,8,1
2063,15,0,8,0
2064,0,1,8,0
2065,1,1,8,0
2066,2,1,8,0
2067,3,1,8,0
2068,4,1,8,0
2069,5,1,8,0
2070,6,1,8,0
2071,7,1,8,0
2072,8,1,8,0
2073,9,1,8,0
2074,10,1,8,0
2075,11,1,8,0
2076,12,1,8,0
2077,13,1,8,0
2078,14,1,8,0
2079,15,1,8,0
2080,0,2,8,0
2081,1,2,8,0
2082,2,2,8,1
2083,3,2,8,0
2084,4,2,8,0
2085,5,2,8,1
2086,6,2,8,0
2087,7,2,8,0
2088,8,2,8,0
2089,9,2,8,0
2090,10,2,8,1
2091,11,2,8,0
2092,12,2,8,0
2093,13,2,8,0
2094,14,2,8,1
2095,15,2,8,0
2096,0,3,8,0
2097,1,3,8,0
2098,2,3,8,0
2099,3,3,8,0
2100,4,3,8,0
2101,5,3,8,0
2102,6,3,8,0
2103,7,3,8,1
2104,8,3,8,0
2105,9,3,8,1
2106,10,3,8,0
2107,11,3,8,0
2108,12,3,8,0
2109,13,3,8,0
2110,14,3,8,0
2111,15,3,8,0
2112,0,4,8,1
2113,1,4,8,0
2114,2,4,8,0
2115,3,4,8,0
2116,4,4,8,0
2117,5,4,8,0
2118,6,4,8,1
2119,7,4,8,0
2120,8,4,8,0
2121,9,4,8,0
2122,10,4,8,1
2123,11,4,8,0
2124,12,4,8,0
2125,13,4,8,0
2126,14,4,8,0
2127,15,4,8,0
2128,0,5,8,0
2129,1,5,8,0
2130,2,5,8,1
2131,3,5,8,1
2132,4,5,8,0
2133,5,5,8,0
2134,6,5,8,0
2135,7,5,8,0
2136,8,5,8,0
2137,9,5,8,0
2138,10,5,8,0
2139,11,5,8,0
2140,12,5,8,0
2141,13,5,8,0
2142,14,5,8,0
2143,15,5,8,0
2144,0,6,8,1
2145,1,6,8,0
2146,2,6,8,0
2147,3,6,8,0
2148,4,6,8,0
2149,5,6,8,0
2150,6,6,8,0
2151,7,6,8,1
2152,8,6,8,0
2153,9,6,8,0
2154,10,6,8,0
2155,11,6,8,1
2156,12,6,8,0
2157,13,6,8,1
2158,14,6,8,0
2159,15,6,8,0
2160,0,7,8,1
2161,1,7,8,1
2162,2,7,8,0
2163,3,7,8,0
2164,4,7,8,0
2165,5,7,8,1
2166,6,7,8,1
2167,7,7,8,0
2168,8,7,8,1
2169,9,7,8,0
2170,10,7,8,1
2171,11,7,8,1
2172,12,7,8,0
2173,13,7,8,0
2174,14,7,8,0
2175,15,7,8,0
2176,0,8,8,0
2177,1,8,8,0
2178,2,8,8,0
2179,3,8,8,0
2180,4,8,8,1
2181,5,8,8,0
2182,6,8,8,0
2183,7,8,8,0
2184,8,8,8,0
2185,9,8,8,0
2186,10,8,8,0
2187,11,8,8,0
2188,12,8,8,0
2189,13,8,8,0
2190,14,8,8,0
2191,15,8,8,0
2192,0,9,8,1
2193,1,9,8,0
2194,2,9,8,0
2195,3,9,8,1
2196,4,9,8,0
2197,5,9,8,0
2198,6,9,8,0
2199,7,9,8,0
2200,8,9,8,0
2201,9,9,8,0
2202,10,9,8,0
2203,11,9,8,0
2204,12,9,8,0
2205,13,9,8,0
2206,14,9,8,0
2207,15,9,8,0
2208,0,10,8,1
2209,1,10,8,0
2210,2,10,8,0
2211,3,10,8,0
2212,4,10,8,0
2213,5,10,8,0
2214,6,10,8,1
2215,7,10,8,0
2216,8,10,8,0
2217,9,10,8,0
2218,10,10,8,0
2219,11,10,8,1
2220,12,10,8,1
2221,13,10,8,0
2222,14,10,8,0
2223,15,10,8,0
2224,0,11,8,0
2225,1,11,8,0
2226,2,11,8,0
2227,3,11,8,0
2228,4,11,8,0
2229,5,11,8,0
2230,6,11,8,0
2231,7,11,8,0
2232,8,11,8,1
2233,9,11,8,1
2234,10,11,8,1
2235,11,11,8,0
2236,12,11,8,0
2237,13,11,8,0
2238,14,11,8,0
2239,15,11,8,0
2240,0,12,8,0
2241,1,12,8,0
2242,2,12,8,0
2243,3,12,8,0
2244,4,12,8,0
2245,5,12,8,0
2246,6,12,8,0
2247,7,12,8,0
2248,8,12,8,0
2249,9,12,8,0
2250,10,12,8,0
2251,11,12,8,1
2252,12,12,8,0
2253,13,12,8,0
2254,14,12,8,1
2255,15,12,8,0
2256,0,13,8,0
2257,1,13,8,0
2258,2,13,8,0
2259,3,13,8,1
2260,4,13,8,0
2261,5,13,8,0
2262,6,13,8,0
2263,7,13,8,0
2264,8,13,8,0
2265,9,13,8,0
2266,10,13,8,0
2267,11,13,8,0
2268,12,13,8,0
2269,13,13,8,0
2270,14,13,8,0
2271,15,13,8,0
2272,0,14,8,0
2273,1,14,8,0
2274,2,14,8,1
2275,3,14,8,0
2276,4,14,8,0
2277,5,14,8,0
2278,6,14,8,1
2279,7,14,8,0
2280,8,14,8,0
2281,9,14,8,0
2282,10,14,8,0
2283,11,14,8,0
2284,12,14,8,0
2285,13,14,8,0
2286,14,14,8,0
2287,15,14,8,1
2288,0,15,8,0
2289,1,15,8,0
2290,2,15,8,0
2291,3,15,8,0
2292,4,15,8,0
2293,5,15,8,0
2294,6,15,8,0
2295,7,15,8,0
2296,8,15,8,0
2297,9,15,8,0
2298,10,15,8,0
2299,11,15,8,0
2300,12,15,8,1
2301,13,15,8,0
2302,14,15,8,0
2303,15,15,8,0
2304,0,0,9,0
2305,1,0,9,0
2306,2,0,9,0
2307,3,0,9,0
2308,4,0,9,0
2309,5,0,9,0
2310,6,0,9,1
2311,7,0,9,0
2312,8,0,9,0
2313,9,0,9,1
2314,10,0,9,0
2315,11,0,9,0
2316,12,0,9,0
2317,13,0,9,0
2318,14,0,9,1
2319,15,0,9,0
2320,0,1,9,0
2321,1,1,9,0
2322,2,1,9,0
2323,3,1,9,1
2324,4,1,9,0
2325,5,1,9,0
2326,6,1,9,0
2327,7,1,9,0
2328,8,1,9,1
2329,9,1,9,0
2330,10,1,9,0
2331,11,1,9,0
2332,12,1,9,0
2333,13,1,9,0
2334,14,1,9,0
2335,15,1,9,1
2336,0,2,9,0
2337,1,2,9,0
2338,2,2,9,0
2339,3,2,9,0
2340,4,2,9,0
2341,5,2,9,0
2342,6,2,9,0
2343,7,2,9,0
2344,8,2,9,0
2345,9,2,9,0
2346,10,2,9,0
2347,11,2,9,0
2348,12,2,9,0
2349,13,2,9,0
2350,14,2,9,0
2351,15,2,9,0
2352,0,3,9,0
2353,1,3,9,0
2354,2,3,9,0
2355,3,3,9,0
2356,4,3,9,1
2357,5,3,9,0
2358,6,3,9,0
2359,7,3,9,0
2360,8,3,9,0
2361,9,3,9,0
2362,10,3,9,0
2363,11,3,9,0
2364,12,3,9,0
2365,13,3,9,0
2366,14,3,9,0
2367,15,3,9,0
2368,0,4,9,0
2369,1,4,9,0
2370,2,4,9,0
2371,3,4,9,0
2372,4,4,9,0
2373,5,4,9,1
2374,6,4,9,0
2375,7,4,9,0
2376,8,4,9,0
2377,9,4,9,0
2378,10,4,9,1
2379,11,4,9,0
2380,12,4,9,0
2381,13,4,9,0
2382,14,4,9,0
2383,15,4,9,0
2384,0,5,9,1
2385,1,5,9,1
2386,2,5,9,1
2387,3,5,9,1
2388,4,5,9,0
2389,5,5,9,0
2390,6,5,9,0
2391,7,5,9,0
2392,8,5,9,1
2393,9,5,9,0
2394,10,5,9,1
2395,11,5,9,0
2396,12,5,9,1
2397,13,5,9,0
2398,14,5,9,0
2399,15,5,9,0
2400,0,6,9,1
2401,1,6,9,0
2402,2,6,9,0
2403,3,6,9,0
2404,4,6,9,0
2405,5,6,9,0
2406,6,6,9,0
2407,7,6,9,1
2408,8,6,9,0
2409,9,6,9,0
2410,10,6,9,1
2411,11,6,9,0
2412,12,6,9,0
2413,13,6,9,0
2414,14,6,9,0
2415,15,6,9,0
2416,0,7,9,1
2417,1,7,9,0
2418,2,7,9,0
2419,3,7,9,0
2420,4,7,9,0
2421,5,7,9,0
2422,6,7,9,0
2423,7,7,9,0
2424,8,7,9,0
2425,9,7,9,0
2426,10,7,9,0
2427,11,7,9,0
2428,12,7,9,0
2429,13,7,9,0
2430,14,7,9,0
2431,15,7,9,0
2432,0,8,9,1
2433,1,8,9,0
2434,2,8,9,1
2435,3,8,9,0
2436,4,8,9,0
2437,5,8,9,0
2438,6,8,9,0
2439,7,8,9,0
2440,8,8,9,1
2441,9,8,9,1
2442,10,8,9,0
2443,11,8,9,1
2444,12,8,9,0
2445,13,8,9,1
2446,14,8,9,0
2447,15,8,9,0
2448,0,9,9,0
2449,1,9,9,0
2450,2,9,9,0
2451,3,9,9,0
2452,4,9,9,1
2453,5,9,9,0
2454,6,9,9,0
2455,7,9,9,0
2456,8,9,9,1
2457,9,9,9,0
2458,10,9,9,0
2459,11,9,9,0
2460,12,9,9,0
2461,13,9,9,0
2462,14,9,9,0
2463,15,9,9,0
2464,0,10,9,0
2465,1,10,9,0
2466,2,10,9,0
2467,3,10,9,1
2468,4,10,9,0
2469,5,10,9,0
2470,6,10,9,0
2471,7,10,9,0
2472,8,10,9,0
2473,9,10,9,0
2474,10,10,9,1
2475,11,10,9,0
2476,12,10,9,0
2477,13,10,9,0
2478,14,10,9,0
2479,15,10,9,0
2480,0,11,9,0
2481,1,11,9,0
2482,2,11,9,0
2483,3,11,9,1
2484,4,11,9,1
2485,5,11,9,0
2486,6,11,9,0
2487,7,11,9,1
2488,8,11,9,0
2489,9,11,9,0
2490,10,11,9,0
2491,11,11,9,0
2492,12,11,9,0
2493,13,11,9,0
2494,14,11,9,1
2495,15,11,9,1
2496,0,12,9,0
2497,1,12,9,0
2498,2,12,9,0
2499,3,12,9,0
2500,4,12,9,0
2501,5,12,9,0
2502,6,12,9,1
2503,7,12,9,0
2504,8,12,9,0
2505,9,12,9,0
2506,10,12,9,0
2507,11,12,9,0
2508,12,12,9,0
2509,13,12,9,0
2510,14,12,9,0
2511,15,12,9,0
2512,0,13,9,0
2513,1,13,9,0
2514,2,13,9,0
2515,3,13,9,0
2516,4,13,9,0
2517,5,13,9,0
2518,6,13,9,0
2519,7,13,9,0
2520,8,13,9,0
2521,9,13,9,0
2522,10,13,9,0
2523,11,13,9,0
2524,12,13,9,0
2525,13,13,9,0
2526,14,13,9,0
2527,15,13,9,0
2528,0,14,9,0
2529,1,14,9,0
2530,2,14,9,0
2531,3,14,9,0
2532,4,14,9,0
2533,5,14,9,0
2534,6,14,9,1
2535,7,14,9,0
2536,8,14,9,0
2537,9,14,9,0
2538,10,14,9,0
2539,11,14,9,1
2540,12,14,9,0
2541,13,14,9,0
2542,14,14,9,0
2543,15,14,9,1
2544,0,15,9,0
2545,1,15,9,0
2546,2,15,9,0
2547,3,15,9,0
2548,4,15,9,0
2549,5,15,9,0
2550,6,15,9,1
2551,7,15,9,0
2552,8,15,9,0
2553,9,15,9,0
2554,10,15,9,0
2555,11,15,9,0
2556,12,15,9,0
2557,13,15,9,0
2558,14,15,9,0
2559,15,15,9,0
2560,0,0,10,0
2561,1,0,10,0
2562,2,0,10,0
2563,3,0,10,0
2564,4,0,10,1
2565,5,0,10,0
2566,6,0,10,0
2567,7,0,10,0
2568,8,0,10,1
2569,9,0,10,0
2570,10,0,10,1
2571,11,0,10,0
2572,12,0,10,0
2573,13,0,10,0
2574,14,0,10,0
2575,15,0,10,0
2576,0,1,10,0
2577,1,1,10,1
2578,2,1,10,0
2579,3,1,10,0
2580,4,1,10,0
2581,5,1,10,0
2582,6,1,10,0
2583,7,1,10,0
2584,8,1,10,1
2585,9,1,10,1
2586,10,1,10,0
2587,11,1,10,0
2588,12,1,10,0
2589,13,1,10,1
2590,14,1,10,0
2591,15,1,10,0
2592,0,2,10,0
2593,1,2,10,0
2594,2,2,10,0
2595,3,2,10,0
2596,4,2,10,1
2597,5,2,10,0
2598,6,2,10,0
2599,7,2,10,0
2600,8,2,10,1
2601,9,2,10,0
2602,10,2,10,0
2603,11,2,10,0
2604,12,2,10,0
2605,13,2,10,0
2606,14,2,10,0
2607,15,2,10,0
2608,0,3,10,0
2609,1,3,10,0
2610,2,3,10,0
2611,3,3,10,0
2612,4,3,10,0
2613,5,3,10,0
2614,6,3,10,1
2615,7,3,10,0
2616,8,3,10,0
2617,9,3,10,0
2618,10,3,10,0
2619,11,3,10,0
2620,12,3,10,0
2621,13,3,10,0
2622,14,3,10,0
2623,15,3,10,0
2624,0,4,10,0
2625,1,4,10,0
2626,2,4,10,0
2627,3,4,10,0
2628,4,4,10,0
2629,5,4,10,1
2630,6,4,10,0
2631,7,4,10,0
2632,8,4,10,0
2633,9,4,10,0
2634,10,4,10,1
2635,11,4,10,0
2636,12,4,10,0
2637,13,4,10,0
2638,14,4,10,0
2639,15,4,10,0
2640,0,5,10,1
2641,1,5,10,0
2642,2,5,10,0
2643,3,5,10,1
2644,4,5,10,0
2645,5,5,10,0
2646,6,5,10,0
2647,7,5,10,0
2648,8,5,10,1
2649,9,5,10,0
2650,10,5,10,0
2651,11,5,10,0
2652,12,5,10,0
2653,13,5,10,1
2654,14,5,10,1
2655,15,5,10,1
2656,0,6,10,0
2657,1,6,10,0
2658,2,6,10,0
2659,3,6,10,0
2660,4,6,10,1
2661,5,6,10,0
2662,6,6,10,0
2663,7,6,10,1
2664,8,6,10,0
2665,9,6,10,0
2666,10,6,10,0
2667,11,6,10,0
2668,12,6,10,0
2669,13,6,10,0
2670,14,6,10,0
2671,15,6,10,0
2672,0,7,10,0
2673,1,7,10,0
2674,2,7,10,0
2675,3,7,10,1
2676,4,7,10,0
2677,5,7,10,0
2678,6,7,10,0
2679,7,7,10,0
2680,8,7,10,0
2681,9,7,10,0
2682,10,7,10,0
2683,11,7,10,0
2684,12,7,10,0
2685,13,7,10,0
2686,14,7,10,0
2687,15,7,10,0
2688,0,8,10,0
2689,1,8,10,0
2690,2,8,10,0
2691,3,8,10,0
2692,4,8,10,0
2693,5,8,10,1
2694,6,8,10,0
2695,7,8,10,0
2696,8,8,10,0
2697,9,8,10,0
2698,10,8,10,1
2699,11,8,10,0
2700,12,8,10,0
2701,13,8,10,0
2702,14,8,10,0
2703,15,8,10,1
2704,0,9,10,1
2705,1,9,10,0
2706,2,9,10,1
2707,3,9,10,0
2708,4,9,10,0
2709,5,9,10,0
2710,6,9,10,0
2711,7,9,10,0
2712,8,9,10,0
2713,9,9,10,0
2714,10,9,10,1
2715,11,9,10,0
2716,12,9,10,0
2717,13,9,10,0
2718,14,9,10,1
2719,15,9,10,0
2720,0,10,10,0
2721,1,10,10,0
2722,2,10,10,0
2723,3,10,10,0
2724,4,10,10,1
2725,5,10,10,0
2726,6,10,10,0
2727,7,10,10,0
2728,8,10,10,0
2729,9,10,10,0
2730,10,10,10,0
2731,11,10,10,0
2732,12,10,10,0
2733,13,10,10,0
2734,14,10,10,0
2735,15,10,10,0
2736,0,11,10,0
2737,1,11,10,0
2738,2,11,10,1
2739,3,11,10,0
2740,4,11,10,0
2741,5,11,10,0
2742,6,11,10,1
2743,7,11,10,0
2744,8,11,10,0
2745,9,11,10,0
2746,10,11,10,0
2747,11,11,10,1
2748,12,11,10,0
2749,13,11,10,0
2750,14,11,10,0
2751,15,11,10,0
2752,0,12,10,0
2753,1,12,10,0
2754,2,12,10,0
2755,3,12,10,0
2756,4,12,10,0
2757,5,12,10,1
2758,6,12,10,0
2759,7,12,10,0
2760,8,12,10,0
2761,9,12,10,0
2762,10,12,10,1
2763,11,12,10,0
2764,12,12,10,0
2765,13,12,10,0
2766,14,12,10,0
2767,15,12,10,0
2768,0,13,10,0
2769,1,13,10,1
2770,2,13,10,0
2771,3,13,10,0
2772,4,13,10,0
2773,5,13,10,0
2774,6,13,10,0
2775,7,13,10,0
2776,8,13,10,0
2777,9,13,10,0
2778,10,13,10,0
2779,11,13,10,0
2780,12,13,10,0
2781,13,13,10,0
2782,14,13,10,0
2783,15,13,10,0
2784,0,14,10,0
2785,1,14,10,0
2786,2,14,10,0
2787,3,14,10,0
2788,4,14,10,0
2789,5,14,10,0
2790,6,14,10,0
2791,7,14,10,0
2792,8,14,10,1
2793,9,14,10,0
2794,10,14,10,0
2795,11,14,10,0
2796,12,14,10,0
2797,13,14,10,1
2798,14,14,10,0
2799,15,14,10,0
2800,0,15,10,0
2801,1,15,10,0
2802,2,15,10,1
2803,3,15,10,0
2804,4,15,10,0
2805,5,15,10,0
2806,6,15,10,0
2807,7,15,10,1
2808,8,15,10,0
2809,9,15,10,0
2810,10,15,10,1
2811,11,15,10,0
2812,12,15,10,0
2813,13,15,10,0
2814,14,15,10,0
2815,15,15,10,0
2816,0,0,11,0
2817,1,0,11,0
2818,2,0,11,0
2819,3,0,11,0
2820,4,0,11,0
2821,5,0,11,0
2822,6,0,11,1
2823,7,0,11,0
2824,8,0,11,0
2825,9,0,11,0
2826,10,0,11,0
2827,11,0,11,1
2828,12,0,11,0
2829,13,0,11,1
2830,14,0,11,0
2831,15,0,11,0
2832,0,1,11,0
2833,1,1,11,0
2834,2,1,11,0
2835,3,1,11,0
2836,4,1,11,0
2837,5,1,11,0
2838,6,1,11,0
2839,7,1,11,0
2840,8,1,11,1
2841,9,1,11,0
2842,10,1,11,1
2843,11,1,11,0
2844,12,1,11,0
2845,13,1,11,0
2846,14,1,11,0
2847,15,1,11,0
2848,0,2,11,0
2849,1,2,11,0
2850,2,2,11,0
2851,3,2,11,0
2852,4,2,11,0
2853,5,2,11,1
2854,6,2,11,0
2855,7,2,11,0
2856,8,2,11,0
2857,9,2,11,0
2858,10,2,11,0
2859,11,2,11,0
2860,12,2,11,0
2861,13,2,11,0
2862,14,2,11,0
2863,15,2,11,0
2864,0,3,11,0
2865,1,3,11,0
2866,2,3,11,1
2867,3,3,11,0
2868,4,3,11,0
2869,5,3,11,0
2870,6,3,11,0
2871,7,3,11,0
2872,8,3,11,1
2873,9,3,11,0
2874,10,3,11,0
2875,11,3,11,0
2876,12,3,11,0
2877,13,3,11,0
2878,14,3,11,0
2879,15,3,11,1
2880,0,4,11,0
2881,1,4,11,0
2882,2,4,11,0
2883,3,4,11,0
2884,4,4,11,0
2885,5,4,11,0
2886,6,4,11,0
2887,7,4,11,0
2888,8,4,11,0
2889,9,4,11,0
2890,10,4,11,0
2891,11,4,11,0
2892,12,4,11,0
2893,13,4,11,0
2894,14,4,11,0
2895,15,4,11,0
2896,0,5,11,0
2897,1,5,11,0
2898,2,5,11,0
2899,3,5,11,0
2900,4,5,11,0
2901,5,5,11,0
2902,6,5,11,0
2903,7,5,11,0
2904,8,5,11,0
2905,9,5,11,1
2906,10,5,11,0
2907,11,5,11,0
2908,12,5,11,0
2909,13,5,11,0
2910,14,5,11,0
2911,15,5,11,0
2912,0,6,11,0
2913,1,6,11,1
2914,2,6,11,0
2915,3,6,11,0
2916,4,6,11,0
2917,5,6,11,0
2918,6,6,11,0
2919,7,6,11,0
2920,8,6,11,0
2921,9,6,11,0
2922,10,6,11,0
2923,11,6,11,0
2924,12,6,11,0
2925,13,6,11,1
2926,14,6,11,0
2927,15,6,11,0
2928,0,7,11,0
2929,1,7,11,0
2930,2,7,11,0
2931,3,7,11,0
2932,4,7,11,0
2933,5,7,11,0
2934,6,7,11,0
2935,7,7,11,0
2936,8,7,11,0
2937,9,7,11,0
2938,10,7,11,0
2939,11,7,11,1
2940,12,7,11,0
2941,13,7,11,0
2942,14,7,11,0
2943,15,7,11,0
2944,0,8,11,0
2945,1,8,11,0
2946,2,8,11,0
2947,3,8,11,0
2948,4,8,11,0
2949,5,8,11,1
2950,6,8,11,0
2951,7,8,11,0
2952,8,8,11,1
2953,9,8,11,0
2954,10,8,11,0
2955,11,8,11,0
2956,12,8,11,0
2957,13,8,11,0
2958,14,8,11,0
2959,15,8,11,0
2960,0,9,11,0
2961,1,9,11,1
2962,2,9,11,0
2963,3,9,11,0
2964,4,9,11,0
2965,5,9,11,0
2966,6,9,11,0
2967,7,9,11,0
2968,8,9,11,1
2969,9,9,11,0
2970,10,9,11,0
2971,11,9,11,0
2972,12,9,11,1
2973,13,9,11,1
2974,14,9,11,0
2975,15,9,11,1
2976,0,10,11,0
2977,1,10,11,1
2978,2,10,11,0
2979,3,10,11,0
2980,4,10,11,0
2981,5,10,11,0
2982,6,10,11,0
2983,7,10,11,0
2984,8,10,11,0
2985,9,10,11,1
2986,10,10,11,0
2987,11,10,11,0
2988,12,10,11,0
2989,13,10,11,0
2990,14,10,11,1
2991,15,10,11,0
2992,0,11,11,1
2993,1,11,11,1
2994,2,11,11,0
2995,3,11,11,1
2996,4,11,11,0
2997,5,11,11,1
2998,6,11,11,1
2999,7,11,11,0
3000,8,11,11,0
3001,9,11,11,1
3002,10,11,11,0
3003,11,11,11,0
3004,12,11,11,0
3005,13,11,11,0
3006,14,11,11,0
3007,15,11,11,0
3008,0,12,11,1
3009,1,12,11,0
3010,2,12,11,1
3011,3,12,11,0
3012,4,12,11,1
3013,5,12,11,0
3014,6,12,11,0
3015,7,12,11,0
3016,8,12,11,0
3017,9,12,11,0
3018,10,12,11,0
3019,11,12,11,0
3020,12,12,11,0
3021,13,12,11,0
3022,14,12,11,0
3023,15,12,11,1
3024,0,13,11,1
3025,1,13,11,0
3026,2,13,11,0
3027,3,13,11,0
3028,4,13,11,0
3029,5,13,11,0
3030,6,13,11,0
3031,7,13,11,0
3032,8,13,11,1
3033,9,13,11,1
3034,10,13,11,0
3035,11,13,11,0
3036,12,13,11,0
3037,13,13,11,0
3038,14,13,11,1
3039,15,13,11,0
3040,0,14,11,0
3041,1,14,11,0
3042,2,14,11,0
3043,3,14,11,0
3044,4,14,11,0
3045,5,14,11,0
3046,6,14,11,0
3047,7,14,11,0
3048,8,14,11,0
3049,9,14,11,0
3050,10,14,11,0
3051,11,14,11,0
3052,12,14,11,0
3053,13,14,11,0
3054,14,14,11,0
3055,15,14,11,0
3056,0,15,11,1
3057,1,15,11,0
3058,2,15,11,0
3059,3,15,11,0
3060,4,15,11,0
3061,5,15,11,0
3062,6,15,11,0
3063,7,15,11,1
3064,8,15,11,1
3065,9,15,11,1
3066,10,15,11,0
3067,11,15,11,0
3068,12,15,11,0
3069,13,15,11,0
3070,14,15,11,0
3071,15,15,11,0
3072,0,0,12,1
3073,1,0,12,0
3074,2,0,12,1
3075,3,0,12,0
3076,4,0,12,0
3077,5,0,12,0
3078,6,0,12,0
3079,7,0,12,1
3080,8,0,12,0
3081,9,0,12,0
3082,10,0,12,0
3083,11,0,12,0
3084,12,0,12,0
3085,13,0,12,1
3086,14,0,12,1
3087,15,0,12,0
3088,0,1,12,0
3089,1,1,12,0
3090,2,1,12,0
3091,3,1,12,0
3092,4,1,12,1
3093,5,1,12,0
3094,6,1,12,1
3095,7,1,12,0
3096,8,1,12,0
3097,9,1,12,0
3098,10,1,12,0
3099,11,1,12,0
3100,12,1,12,0
3101,13,1,12,0
3102,14,1,12,0
3103,15,1,12,0
3104,0,2,12,0
3105,1,2,12,0
3106,2,2,12,0
3107,3,2,12,0
3108,4,2,12,0
3109,5,2,12,0
3110,6,2,12,0
3111,7,2,12,0
3112,8,2,12,0
3113,9,2,12,0
3114,10,2,12,0
3115,11,2,12,0
3116,12,2,12,0
3117,13,2,12,0
3118,14,2,12,0
3119,15,2,12,0
3120,0,3,12,0
3121,1,3,12,0
3122,2,3,12,0
3123,3,3,12,1
3124,4,3,12,0
3125,5,3,12,0
3126,6,3,12,1
3127,7,3,12,0
3128,8,3,12,1
3129,9,3,12,0
3130,10,3,12,0
3131,11,3,12,1
3132,12,3,12,0
3133,13,3,12,1
3134,14,3,12,0
3135,15,3,12,0
3136,0,4,12,0
3137,1,4,12,0
3138,2,4,12,0
3139,3,4,12,0
3140,4,4,12,0
3141,5,4,12,0
3142,6,4,12,0
3143,7,4,12,0
3144,8,4,12,0
3145,9,4,12,1
3146,10,4,12,0
3147,11,4,12,1
3148,12,4,12,0
3149,13,4,12,0
3150,14,4,12,0
3151,15,4,12,0
3152,0,5,12,0
3153,1,5,12,0
3154,2,5,12,0
3155,3,5,12,1
3156,4,5,12,1
3157,5,5,12,0
3158,6,5,12,0
3159,7,5,12,0
3160,8,5,12,1
3161,9,5,12,1
3162,10,5,12,0
3163,11,5,12,0
3164,12,5,12,0
3165,13,5,12,0
3166,14,5,12,0
3167,15,5,12,0
3168,0,6,12,0
3169,1,6,12,0
3170,2,6,12,0
3171,3,6,12,0
3172,4,6,12,1
3173,5,6,12,0
3174,6,6,12,0
3175,7,6,12,0
3176,8,6,12,0
3177,9,6,12,1
3178,10,6,12,0
3179,11,6,12,0
3180,12,6,12,0
3181,13,6,12,0
3182,14,6,12,0
3183,15,6,12,0
3184,0,7,12,1
3185,1,7,12,0
3186,2,7,12,0
3187,3,7,12,0
3188,4,7,12,0
3189,5,7,12,1
3190,6,7,12,0
3191,7,7,12,0
3192,8,7,12,0
3193,9,7,12,0
3194,10,7,12,0
3195,11,7,12,0
3196,12,7,12,0
3197,13,7,12,0
3198,14,7,12,0
3199,15,7,12,0
3200,0,8,12,0
3201,1,8,12,0
3202,2,8,12,0
3203,3,8,12,1
3204,4,8,12,0
3205,5,8,12,0
3206,6,8,12,0
3207,7,8,12,0
3208,8,8,12,0
3209,9,8,12,1
3210,10,8,12,0
3211,11,8,12,0
3212,12,8,12,0
3213,13,8,12,0
3214,14,8,12,0
3215,15,8,12,0
3216,0,9,12,1
3217,1,9,12,0
3218,2,9,12,0
3219,3,9,12,0
3220,4,9,12,0
3221,5,9,12,0
3222,6,9,12,1
3223,7,9,12,0
3224,8,9,12,0
3225,9,9,12,0
3226,10,9,12,0
3227,11,9,12,0
3228,12,9,12,1
3229,13,9,12,0
3230,14,9,12,0
3231,15,9,12,0
3232,0,10,12,0
3233,1,10,12,0
3234,2,10,12,0
3235,3,10,12,0
3236,4,10,12,0
3237,5,10,12,0
3238,6,10,12,0
3239,7,10,12,0
3240,8,10,12,0
3241,9,10,12,1
3242,10,10,12,1
3243,11,10,12,0
3244,12,10,12,0
3245,13,10,12,0
3246,14,10,12,0
3247,15,10,12,1
3248,0,11,12,0
3249,1,11,12,0
3250,2,11,12,0
3251,3,11,12,0
3252,4,11,12,1
3253,5,11,12,0
3254,6,11,12,0
3255,7,11,12,0
3256,8,11,12,0
3257,9,11,12,0
3258,10,11,12,0
3259,11,11,12,0
3260,12,11,12,0
3261,13,11,12,0
3262,14,11,12,0
3263,15,11,12,0
3264,0,12,12,0
3265,1,12,12,0
3266,2,12,12,0
3267,3,12,12,0
3268,4,12,12,0
3269,5,12,12,0
3270,6,12,12,1
3271,7,12,12,1
3272,8,12,12,0
3273,9,12,12,0
3274,10,12,12,0
3275,11,12,12,0
3276,12,12,12,0
3277,13,12,12,0
3278,14,12,12,0
3279,15,12,12,0
3280,0,13,12,0
3281,1,13,12,0
3282,2,13,12,0
3283,3,13,12,0
3284,4,13,12,1
3285,5,13,12,0
3286,6,13,12,0
3287,7,13,12,1
3288,8,13,12,0
3289,9,13,12,0
3290,10,13,12,0
3291,11,13,12,0
3292,12,13,12,0
3293,13,13,12,0
3294,14,13,12,0
3295,15,13,12,0
3296,0,14,12,0
3297,1,14,12,0
3298,2,14,12,1
3299,3,14,12,1
3300,4,14,12,0
3301,5,14,12,0
3302,6,14,12,0
3303,7,14,12,0
3304,8,14,12,0
3305,9,14,12,0
3306,10,14,12,0
3307,11,14,12,1
3308,12,14,12,0
3309,13,14,12,0
3310,14,14,12,0
3311,15,14,12,1
3312,0,15,12,0
3313,1,15,12,1
3314,2,15,12,0
3315,3,15,12,1
3316,4,15,12,0
3317,5,15,12,1
3318,6,15,12,0
3319,7,15,12,0
3320,8,15,12,0
3321,9,15,12,0
3322,10,15,12,0
3323,11,15,12,0
3324,12,15,12,0
3325,13,15,12,0
3326,14,15,12,0
3327,15,15,12,1
3328,0,0,13,0
3329,1,0,13,0
3330,2,0,13,0
3331,3,0,13,1
3332,4,0,13,0
3333,5,0,13,0
3334,6,0,13,0
3335,7,0,13,0
3336,8,0,13,1
3337,9,0,13,0
3338,10,0,13,0
3339,11,0,13,0
3340,12,0,13,0
3341,13,0,13,0
3342,14,0,13,0
3343,15,0,13,0
3344,0,1,13,0
3345,1,1,13,1
3346,2,1,13,0
3347,3,1,13,0
3348,4,1,13,0
3349,5,1,13,0
3350,6,1,13,0
3351,7,1,13,0
3352,8,1,13,1
3353,9,1,13,0
3354,10,1,13,0
3355,11,1,13,0
3356,12,1,13,1
3357,13,1,13,0
3358,14,1,13,0
3359,15,1,13,0
3360,0,2,13,0
3361,1,2,13,0
3362,2,2,13,1
3363,3,2,13,0
3364,4,2,13,0
3365,5,2,13,1
3366,6,2,13,0
3367,7,2,13,0
3368,8,2,13,0
3369,9,2,13,0
3370,10,2,13,0
3371,11,2,13,0
3372,12,2,13,0
3373,13,2,13,0
3374,14,2,13,0
3375,15,2,13,0
3376,0,3,13,1
3377,1,3,13,0
3378,2,3,13,0
3379,3,3,13,0
3380,4,3,13,0
3381,5,3,13,0
3382,6,3,13,0
3383,7,3,13,0
3384,8,3,13,1
3385,9,3,13,0
3386,10,3,13,1
3387,11,3,13,0
3388,12,3,13,1
3389,13,3,13,0
3390,14,3,13,0
3391,15,3,13,0
3392,0,4,13,0
3393,1,4,13,0
3394,2,4,13,0
3395,3,4,13,0
3396,4,4,13,0
3397,5,4,13,0
3398,6,4,13,0
3399,7,4,13,0
3400,8,4,13,0
3401,9,4,13,1
3402,10,4,13,0
3403,11,4,13,1
3404,12,4,13,0
3405,13,4,13,1
3406,14,4,13,0
3407,15,4,13,0
3408,0,5,13,0
3409,1,5,13,0
3410,2,5,13,1
3411,3,5,13,0
3412,4,5,13,0
3413,5,5,13,0
3414,6,5,13,0
3415,7,5,13,0
3416,8,5,13,0
3417,9,5,13,0
3418,10,5,13,0
3419,11,5,13,0
3420,12,5,13,0
3421,13,5,13,0
3422,14,5,13,1
3423,15,5,13,0
3424,0,6,13,0
3425,1,6,13,1
3426,2,6,13,0
3427,3,6,13,0
3428,4,6,13,0
3429,5,6,13,0
3430,6,6,13,0
3431,7,6,13,1
3432,8,6,13,0
3433,9,6,13,0
3434,10,6,13,0
3435,11,6,13,0
3436,12,6,13,0
3437,13,6,13,0
3438,14,6,13,0
3439,15,6,13,0
3440,0,7,13,0
3441,1,7,13,0
3442,2,7,13,0
3443,3,7,13,0
3444,4,7,13,0
3445,5,7,13,0
3446,6,7,13,0
3447,7,7,13,0
3448,8,7,13,0
3449,9,7,13,0
3450,10,7,13,0
3451,11,7,13,0
3452,12,7,13,0
3453,13,7,13,0
3454,14,7,13,0
3455,15,7,13,0
3456,0,8,13,0
3457,1,8,13,1
3458,2,8,13,0
3459,3,8,13,0
3460,4,8,13,1
3461,5,8,13,0
3462,6,8,13,0
3463,7,8,13,0
3464,8,8,13,1
3465,9,8,13,0
3466,10,8,13,0
3467,11,8,13,0
3468,12,8,13,0
3469,13,8,13,0
3470,14,8,13,0
3471,15,8,13,1
3472,0,9,13,0
3473,1,9,13,0
3474,2,9,13,0
3475,3,9,13,0
3476,4,9,13,0
3477,5,9,13,0
3478,6,9,13,0
3479,7,9,13,0
3480,8,9,13,1
3481,9,9,13,0
3482,10,9,13,0
3483,11,9,13,0
3484,12,9,13,1
3485,13,9,13,1
3486,14,9,13,0
3487,15,9,13,0
3488,0,10,13,0
3489,1,10,13,0
3490,2,10,13,0
3491,3,10,13,0
3492,4,10,13,0
3493,5,10,13,0
3494,6,10,13,0
3495,7,10,13,1
3496,8,10,13,0
3497,9,10,13,0
3498,10,10,13,0
3499,11,10,13,0
3500,12,10,13,0
3501,13,10,13,1
3502,14,10,13,0
3503,15,10,13,1
3504,0,11,13,0
3505,1,11,13,0
3506,2,11,13,0
3507,3,11,13,0
3508,4,11,13,0
3509,5,11,13,0
3510,6,11,13,0
3511,7,11,13,0
3512,8,11,13,0
3513,9,11,13,0
3514,10,11,13,0
3515,11,11,13,0
3516,12,11,13,0
3517,13,11,13,0
3518,14,11,13,0
3519,15,11,13,0
3520,0,12,13,0
3521,1,12,13,0
3522,2,12,13,0
3523,3,12,13,0
3524,4,12,13,0
3525,5,12,13,0
3526,6,12,13,0
3527,7,12,13,0
3528,8,12,13,1
3529,9,12,13,0
3530,10,12,13,1
3531,11,12,13,1
3532,12,12,13,0
3533,13,12,13,1
3534,14,12,13,0
3535,15,12,13,0
3536,0,13,13,0
3537,1,13,13,0
3538,2,13,13,1
3539,3,13,13,0
3540,4,13,13,0
3541,5,13,13,0
3542,6,13,13,0
3543,7,13,13,0
3544,8,13,13,0
3545,9,13,13,0
3546,10,13,13,0
3547,11,13,13,0
3548,12,13,13,0
3549,13,13,13,0
3550,14,13,13,0
3551,15,13,13,0
3552,0,14,13,1
3553,1,14,13,0
3554,2,14,13,1
3555,3,14,13,1
3556,4,14,13,0
3557,5,14,13,1
3558,6,14,13,0
3559,7,14,13,0
3560,8,14,13,0
3561,9,14,13,0
3562,10,14,13,0
3563,11,14,13,0
3564,12,14,13,0
3565,13,14,13,0
3566,14,14,13,0
3567,15,14,13,0
3568,0,15,13,0
3569,1,15,13,0
3570,2,15,13,1
3571,3,15,13,0
3572,4,15,13,0
3573,5,15,13,0
3574,6,15,13,0
3575,7,15,13,0
3576,8,15,13,0
3577,9,15,13,1
3578,10,15,13,1
3579,11,15,13,0
3580,12,15,13,0
3581,13,15,13,0
3582,14,15,13,1
3583,15,15,13,0
3584,0,0,14,0
3585,1,0,14,0
3586,2,0,14,0
3587,3,0,14,0
3588,4,0,14,0
3589,5,0,14,1
3590,6,0,14,0
3591,7,0,14,0
3592,8,0,14,0
3593,9,0,14,0
3594,10,0,14,0
3595,11,0,14,1
3596,12,0,14,0
3597,13,0,14,0
3598,14,0,14,0
3599,15,0,14,1
3600,0,1,14,0
3601,1,1,14,0
3602,2,1,14,0
3603,3,1,14,1
3604,4,1,14,0
3605,5,1,14,0
3606,6,1,14,0
3607,7,1,14,0
3608,8,1,14,0
3609,9,1,14,1
3610,10,1,14,0
3611,11,1,14,0
3612,12,1,14,0
3613,13,1,14,0
3614,14,1,14,0
3615,15,1,14,0
3616,0,2,14,0
3617,1,2,14,1
3618,2,2,14,0
3619,3,2,14,0
3620,4,2,14,0
3621,5,2,14,0
3622,6,2,14,0
3623,7,2,14,0
3624,8,2,14,0
3625,9,2,14,0
3626,10,2,14,0
3627,11,2,14,0
3628,12,2,14,0
3629,13,2,14,1
3630,14,2,14,0
3631,15,2,14,0
3632,0,3,14,0
3633,1,3,14,0
3634,2,3,14,0
3635,3,3,14,1
3636,4,3,14,0
3637,5,3,14,0
3638,6,3,14,1
3639,7,3,14,1
3640,8,3,14,1
3641,9,3,14,0
3642,10,3,14,0
3643,11,3,14,0
3644,12,3,14,0
3645,13,3,14,0
3646,14,3,14,1
3647,15,3,14,0
3648,0,4,14,0
3649,1,4,14,0
3650,2,4,14,0
3651,3,4,14,0
3652,4,4,14,0
3653,5,4,14,0
3654,6,4,14,0
3655,7,4,14,0
3656,8,4,14,0
3657,9,4,14,0
3658,10,4,14,0
3659,11,4,14,0
3660,12,4,14,0
3661,13,4,14,1
3662,14,4,14,0
3663,15,4,14,0
3664,0,5,14,0
3665,1,5,14,0
3666,2,5,14,0
3667,3,5,14,0
3668,4,5,14,0
3669,5,5,14,0
3670,6,5,14,0
3671,7,5,14,1
3672,8,5,14,0
3673,9,5,14,0
3674,10,5,14,0
3675,11,5,14,0
3676,12,5,14,0
3677,13,5,14,0
3678,14,5,14,0
3679,15,5,14,0
3680,0,6,14,0
3681,1,6,14,0
3682,2,6,14,0
3683,3,6,14,0
3684,4,6,14,0
3685,5,6,14,0
3686,6,6,14,0
3687,7,6,14,1
3688,8,6,14,0
3689,9,6,14,0
3690,10,6,14,0
3691,11,6,14,0
3692,12,6,14,0
3693,13,6,14,0
3694,14,6,14,1
3695,15,6,14,0
3696,0,7,14,0
3697,1,7,14,0
3698,2,7,14,0
3699,3,7,14,1
3700,4,7,14,0
3701,5,7,14,1
3702,6,7,14,0
3703,7,7,14,0
3704,8,7,14,1
3705,9,7,14,0
3706,10,7,14,1
3707,11,7,14,0
3708,12,7,14,0
3709,13,7,14,0
3710,14,7,14,0
3711,15,7,14,0
3712,0,8,14,0
3713,1,8,14,0
3714,2,8,14,1
3715,3,8,14,0
3716,4,8,14,1
3717,5,8,14,0
3718,6,8,14,0
3719,7,8,14,0
3720,8,8,14,0
3721,9,8,14,0
3722,10,8,14,0
3723,11,8,14,0
3724,12,8,14,0
3725,13,8,14,0
3726,14,8,14,1
3727,15,8,14,0
3728,0,9,14,0
3729,1,9,14,0
3730,2,9,14,0
3731,3,9,14,0
3732,4,9,14,0
3733,5,9,14,0
3734,6,9,14,0
3735,7,9,14,0
3736,8,9,14,0
3737,9,9,14,0
3738,10,9,14,0
3739,11,9,14,0
3740,12,9,14,0
3741,13,9,14,0
3742,14,9,14,0
3743,15,9,14,0
3744,0,10,14,0
3745,1,10,14,0
3746,2,10,14,0
3747,3,10,14,0
3748,4,10,14,0
3749,5,10,14,0
3750,6,10,14,0
3751,7,10,14,0
3752,8,10,14,0
3753,9,10,14,0
3754,10,10,14,0
3755,11,10,14,1
3756,12,10,14,0
3757,13,10,14,0
3758,14,10,14,0
3759,15,10,14,0
3760,0,11,14,0
3761,1,11,14,0
3762,2,11,14,0
3763,3,11,14,0
3764,4,11,14,0
3765,5,11,14,0
3766,6,11,14,1
3767,7,11,14,0
3768,8,11,14,0
3769,9,11,14,0
3770,10,11,14,0
3771,11,11,14,0
3772,12,11,14,0
3773,13,11,14,0
3774,14,11,14,0
3775,15,11,14,1
3776,0,12,14,0
3777,1,12,14,1
3778,2,12,14,0
3779,3,12,14,0
3780,4,12,14,0
3781,5,12,14,0
3782,6,12,14,0
3783,7,12,14,0
3784,8,12,14,0
3785,9,12,14,0
3786,10,12,14,0
3787,11,12,14,0
3788,12,12,14,1
3789,13,12,14,0
3790,14,12,14,0
3791,15,12,14,1
3792,0,13,14,0
3793,1,13,14,0
3794,2,13,14,0
3795,3,13,14,0
3796,4,13,14,0
3797,5,13,14,0
3798,6,13,14,0
3799,7,13,14,0
3800,8,13,14,0
3801,9,13,14,1
3802,10,13,14,1
3803,11,13,14,0
3804,12,13,14,0
3805,13,13,14,0
3806,14,13,14,0
3807,15,13,14,1
3808,0,14,14,0
3809,1,14,14,0
3810,2,14,14,0
3811,3,14,14,0
3812,4,14,14,0
3813,5,14,14,0
3814,6,14,14,0
3815,7,14,14,0
3816,8,14,14,0
3817,9,14,14,0
3818,10,14,14,0
3819,11,14,14,0
3820,12,14,14,0
3821,13,14,14,0
3822,14,14,14,0
3823,15,14,14,0
3824,0,15,14,0
3825,1,15,14,0
3826,2,15,14,0
3827,3,15,14,0
3828,4,15,14,0
3829,5,15,14,0
3830,6,15,14,0
3831,7,15,14,0
3832,8,15,14,0
3833,9,15,14,0
3834,10,15,14,0
3835,11,15,14,1
3836,12,15,14,0
3837,13,15,14,0
3838,14,15,14,0
3839,15,15,14,0
3840,0,0,15,0
3841,1,0,15,1
3842,2,0,15,0
3843,3,0,15,0
3844,4,0,15,0
3845,5,0,15,1
3846,6,0,15,1
3847,7,0,15,0
3848,8,0,15,0
3849,9,0,15,0
3850,10,0,15,0
3851,11,0,15,0
3852,12,0,15,0
3853,13,0,15,0
3854,14,0,15,0
3855,15,0,15,0
3856,0,1,15,0
3857,1,1,15,0
3858,2,1,15,0
3859,3,1,15,0
3860,4,1,15,0
3861,5,1,15,0
3862,6,1,15,0
3863,7,1,15,0
3864,8,1,15,0
3865,9,1,15,1
3866,10,1,15,0
3867,11,1,15,0
3868,12,1,15,0
3869,13,1,15,1
3870,14,1,15,1
3871,15,1,15,0
3872,0,2,15,1
3873,1,2,15,0
3874,2,2,15,0
3875,3,2,15,0
3876,4,2,15,0
3877,5,2,15,0
3878,6,2,15,0
3879,7,2,15,1
3880,8,2,15,0
3881,9,2,15,0
3882,10,2,15,0
3883,11,2,15,0
3884,12,2,15,0
3885,13,2,15,0
3886,14,2,15,0
3887,15,2,15,0
3888,0,3,15,1
3889,1,3,15,0
3890,2,3,15,1
3891,3,3,15,0
3892,4,3,15,0
3893,5,3,15,0
3894,6,3,15,0
3895,7,3,15,1
3896,8,3,15,1
3897,9,3,15,1
3898,10,3,15,0
3899,11,3,15,0
3900,12,3,15,0
3901,13,3,15,0
3902,14,3,15,0
3903,15,3,15,0
3904,0,4,15,0
3905,1,4,15,0
3906,2,4,15,0
3907,3,4,15,0
3908,4,4,15,0
3909,5,4,15,1
3910,6,4,15,0
3911,7,4,15,1
3912,8,4,15,0
3913,9,4,15,1
3914,10,4,15,0
3915,11,4,15,0
3916,12,4,15,0
3917,13,4,15,0
3918,14,4,15,0
3919,15,4,15,0
3920,0,5,15,0
3921,1,5,15,0
3922,2,5,15,0
3923,3,5,15,0
3924,4,5,15,0
3925,5,5,15,0
3926,6,5,15,0
3927,7,5,15,0
3928,8,5,15,0
3929,9,5,15,0
3930,10,5,15,0
3931,11,5,15,1
3932,12,5,15,0
3933,13,5,15,0
3934,14,5,15,0
3935,15,5,15,1
3936,0,6,15,0
3937,1,6,15,0
3938,2,6,15,0
3939,3,6,15,0
3940,4,6,15,0
3941,5,6,15,0
3942,6,6,15,0
3943,7,6,15,1
3944,8,6,15,1
3945,9,6,15,0
3946,10,6,15,0
3947,11,6,15,0
3948,12,6,15,0
3949,13,6,15,0
3950,14,6,15,0
3951,15,6,15,1
3952,0,7,15,0
3953,1,7,15,0
3954,2,7,15,0
3955,3,7,15,0
3956,4,7,15,0
3957,5,7,15,0
3958,6,7,15,0
3959,7,7,15,0
3960,8,7,15,1
3961,9,7,15,0
3962,10,7,15,0
3963,11,7,15,1
3964,12,7,15,0
3965,13,7,15,0
3966,14,7,15,0
3967,15,7,15,0
3968,0,8,15,1
3969,1,8,15,0
3970,2,8,15,1
3971,3,8,15,0
3972,4,8,15,0
3973,5,8,15,1
3974,6,8,15,0
3975,7,8,15,0
3976,8,8,15,1
3977,9,8,15,0
3978,10,8,15,1
3979,11,8,15,0
3980,12,8,15,0
3981,13,8,15,0
3982,14,8,15,0
3983,15,8,15,1
3984,0,9,15,0
3985,1,9,15,0
3986,2,9,15,0
3987,3,9,15,0
3988,4,9,15,0
3989,5,9,15,0
3990,6,9,15,0
3991,7,9,15,0
3992,8,9,15,0
3993,9,9,15,0
3994,10,9,15,0
3995,11,9,15,0
3996,12,9,15,0
3997,13,9,15,0
3998,14,9,15,0
3999,15,9,15,0
4000,0,10,15,1
4001,1,10,15,0
4002,2,10,15,1
4003,3,10,15,0
4004,4,10,15,0
4005,5,10,15,1
4006,6,10,15,0
4007,7,10,15,0
4008,8,10,15,0
4009,9,10,15,0
4010,10,10,15,0
4011,11,10,15,0
4012,12,10,15,0
4013,13,10,15,0
4014,14,10,15,0
4015,15,10,15,0
4016,0,11,15,0
4017,1,11,15,1
4018,2,11,15,0
4019,3,11,15,1
4020,4,11,15,0
4021,5,11,15,0
4022,6,11,15,0
4023,7,11,15,0
4024,8,11,15,1
4025,9,11,15,1
4026,10,11,15,0
4027,11,11,15,0
4028,12,11,15,0
4029,13,11,15,0
4030,14,11,15,1
4031,15,11,15,0
4032,0,12,15,0
4033,1,12,15,0
4034,2,12,15,0
4035,3,12,15,1
4036,4,12,15,0
4037,5,12,15,0
4038,6,12,15,0
4039,7,12,15,0
4040,8,12,15,0
4041,9,12,15,0
4042,10,12,15,0
4043,11,12,15,0
4044,12,12,15,1
4045,13,12,15,0
4046,14,12,15,0
4047,15,12,15,0
4048,0,13,15,0
4049,1,13,15,0
4050,2,13,15,1
4051,3,13,15,0
4052,4,13,15,0
4053,5,13,15,1
4054,6,13,15,0
4055,7,13,15,0
4056,8,13,15,0
4057,9,13,15,0
4058,10,13,15,0
4059,11,13,15,1
4060,12,13,15,1
4061,13,13,15,0
4062,14,13,15,0
4063,15,13,15,1
4064,0,14,15,0
4065,1,14,15,0
4066,2,14,15,0
4067,3,14,15,0
4068,4,14,15,1
4069,5,14,15,0
4070,6,14,15,0
4071,7,14,15,1
4072,8,14,15,0
4073,9,14,15,0
4074,10,14,15,0
4075,11,14,15,0
4076,12,14,15,0
4077,13,14,15,0
4078,14,14,15,1
4079,15,14,15,1
4080,0,15,15,0
4081,1,15,15,0
4082,2,15,15,0
4083,3,15,15,0
4084,4,15,15,0
4085,5,15,15,0
4086,6,15,15,0
4087,7,15,15,0
4088,8,15,15,0
4089,9,15,15,1
4090,10,15,15,0
4091,11,15,15,1
4092,12,15,15,0
4093,13,15,15,0
4094,14,15,15,0
4095,15,15,15,0
